{
  "run_id": "run_20260504_011948_2438c839",
  "timestamp": "2026-05-04T01:29:59",
  "elapsed_s": 595.9,
  "params": {
    "use_new_od": true,
    "route_choice": true,
    "freq_opt": true,
    "route_rules": true,
    "alpha_pass": 2.0,
    "alpha_adeq": 0.05,
    "alpha_oper": 0.05
  },
  "fixed_params": {
    "min_routes": 5,
    "max_routes": 12,
    "time_limit": 500,
    "max_iter": 7,
    "initial_count": 10000,
    "pricing_count": 1000,
    "ls_rounds": 20
  },
  "n_routes": 12,
  "peak_band": "pot_hp",
  "peak_metrics": {
    "d0": 12.276739473024007,
    "d1": 24.05261842007296,
    "d2": 20.14390200199746,
    "d3+": 11.048209462775926,
    "dun": 32.47853064212954,
    "ATT": 15.954898695212938
  },
  "peak_adequation_pct_ok": 35.13513513513514,
  "period_results": {
    "pot_hp": {
      "d0": 12.276739473024007,
      "d1": 24.05261842007296,
      "d2": 20.14390200199746,
      "d3+": 11.048209462775926,
      "dun": 32.47853064212954,
      "ATT": 15.954898695212938,
      "adeq_pct_ok": 35.13513513513514,
      "avg_freq": 1.0246950541550155
    },
    "pot_hc": {
      "d0": 12.276739473024007,
      "d1": 24.05261842007296,
      "d2": 20.14390200199746,
      "d3+": 11.048209462775926,
      "dun": 32.47853064212954,
      "ATT": 15.954898695212938,
      "adeq_pct_ok": 32.432432432432435,
      "avg_freq": 1.0430967212217632
    },
    "pot_soir": {
      "d0": 12.276739473024007,
      "d1": 24.05261842007296,
      "d2": 20.14390200199746,
      "d3+": 11.048209462775926,
      "dun": 32.47853064212954,
      "ATT": 15.954898695212938,
      "adeq_pct_ok": 29.72972972972973,
      "avg_freq": 1.0259140424716022
    },
    "pot_nuit": {
      "d0": 12.276739473024007,
      "d1": 24.05261842007296,
      "d2": 20.14390200199746,
      "d3+": 11.048209462775926,
      "dun": 32.47853064212954,
      "ATT": 15.954898695212938,
      "adeq_pct_ok": 29.72972972972973,
      "avg_freq": 1.0281883226610253
    }
  },
  "selected_routes": [
    [
      23,
      72,
      22,
      74,
      24,
      40,
      75,
      14,
      77,
      62
    ],
    [
      4,
      77,
      62,
      48,
      11
    ],
    [
      15,
      75,
      41,
      68,
      7,
      0,
      60,
      48,
      38,
      11
    ],
    [
      58,
      25,
      41,
      75,
      68,
      14,
      4,
      62,
      60
    ],
    [
      51,
      58,
      26,
      40,
      53,
      63,
      57
    ],
    [
      52,
      75,
      14,
      9,
      7,
      16
    ],
    [
      36,
      11,
      32,
      78,
      0,
      16,
      7,
      14,
      68,
      27
    ],
    [
      21,
      19,
      52,
      69,
      76,
      15,
      41,
      25,
      28,
      27
    ],
    [
      47,
      24,
      40,
      25,
      28,
      68,
      18,
      56,
      59
    ],
    [
      33,
      9,
      7,
      16,
      0,
      46,
      78,
      32,
      13,
      36
    ],
    [
      43,
      64,
      71,
      70,
      1,
      72,
      22,
      15,
      41,
      68
    ],
    [
      74,
      40,
      75,
      14,
      4,
      77,
      62,
      30,
      32,
      8
    ]
  ],
  "freqs_per_period": {
    "pot_hp": [
      1.0,
      1.2963406498601864,
      1.0,
      1.0,
      1.0,
      1.0,
      1.0,
      1.0,
      1.0,
      1.0,
      1.0,
      1.0
    ],
    "pot_hc": [
      1.0,
      1.517160654661158,
      1.0,
      1.0,
      1.0,
      1.0,
      1.0,
      1.0,
      1.0,
      1.0,
      1.0,
      1.0
    ],
    "pot_soir": [
      1.0,
      1.3109685096592272,
      1.0,
      1.0,
      1.0,
      1.0,
      1.0,
      1.0,
      1.0,
      1.0,
      1.0,
      1.0
    ],
    "pot_nuit": [
      1.0,
      1.3382598719323036,
      1.0,
      1.0,
      1.0,
      1.0,
      1.0,
      1.0,
      1.0,
      1.0,
      1.0,
      1.0
    ]
  }
}