{
  "run_id": "run_20260504_033457_ed3ed63a",
  "timestamp": "2026-05-04T03:48:03",
  "elapsed_s": 585.4,
  "params": {
    "use_new_od": true,
    "route_choice": true,
    "freq_opt": true,
    "route_rules": true,
    "alpha_pass": 5.0,
    "alpha_adeq": 0.3,
    "alpha_oper": 0.05
  },
  "fixed_params": {
    "min_routes": 5,
    "max_routes": 12,
    "time_limit": 1200,
    "max_iter": 7,
    "initial_count": 10000,
    "pricing_count": 1000,
    "ls_rounds": 20
  },
  "n_routes": 12,
  "peak_band": "pot_hp",
  "peak_metrics": {
    "d0": 18.815818619911116,
    "d1": 26.27351285249858,
    "d2": 18.770032867573583,
    "d3+": 7.170641775636137,
    "dun": 28.969993884380525,
    "ATT": 15.005644621469754
  },
  "peak_adequation_pct_ok": 67.56756756756756,
  "period_results": {
    "pot_hp": {
      "d0": 18.815818619911116,
      "d1": 26.27351285249858,
      "d2": 18.770032867573583,
      "d3+": 7.170641775636137,
      "dun": 28.969993884380525,
      "ATT": 15.005644621469754,
      "adeq_pct_ok": 67.56756756756756,
      "avg_freq": 4.269933357202469
    },
    "pot_hc": {
      "d0": 18.815818619911116,
      "d1": 26.27351285249858,
      "d2": 18.770032867573583,
      "d3+": 7.170641775636137,
      "dun": 28.969993884380525,
      "ATT": 15.005644621469754,
      "adeq_pct_ok": 75.67567567567568,
      "avg_freq": 3.136927813399962
    },
    "pot_soir": {
      "d0": 18.815818619911116,
      "d1": 26.27351285249858,
      "d2": 18.770032867573583,
      "d3+": 7.170641775636137,
      "dun": 28.969993884380525,
      "ATT": 15.005644621469754,
      "adeq_pct_ok": 63.51351351351351,
      "avg_freq": 2.911451281111144
    },
    "pot_nuit": {
      "d0": 18.815818619911116,
      "d1": 26.27351285249858,
      "d2": 18.770032867573583,
      "d3+": 7.170641775636137,
      "dun": 28.969993884380525,
      "ATT": 15.005644621469754,
      "adeq_pct_ok": 63.51351351351351,
      "avg_freq": 2.9023399103572234
    }
  },
  "selected_routes": [
    [
      10,
      42,
      47,
      35,
      21,
      69,
      4,
      62,
      60,
      32
    ],
    [
      27,
      28,
      41,
      75,
      15,
      52
    ],
    [
      53,
      74,
      40,
      41,
      14,
      4,
      0,
      48,
      38
    ],
    [
      17,
      28,
      27,
      68,
      14,
      4,
      77,
      38,
      11,
      32
    ],
    [
      36,
      11,
      60,
      0,
      7,
      14,
      68,
      15,
      25,
      28
    ],
    [
      71,
      43,
      64,
      57,
      1,
      74,
      40,
      25,
      27
    ],
    [
      18,
      68,
      27,
      25,
      58,
      40,
      53,
      63,
      57,
      71
    ],
    [
      16,
      7,
      49,
      14,
      41,
      68,
      27,
      28
    ],
    [
      47,
      24,
      40,
      25,
      28,
      68,
      18,
      56
    ],
    [
      33,
      9,
      7,
      16,
      0,
      46,
      78,
      32,
      13
    ],
    [
      58,
      40,
      24,
      22,
      72,
      1,
      23
    ],
    [
      74,
      40,
      75,
      14,
      4,
      77,
      62,
      32,
      11,
      36
    ]
  ],
  "freqs_per_period": {
    "pot_hp": [
      1.7127159786721489,
      15.28937148773729,
      1.4561217706320009,
      4.89690820154317,
      1.0,
      1.0,
      2.312442081907159,
      4.4335766003138435,
      1.7298940525845077,
      1.6830376700348781,
      9.333081227164097,
      6.392051215840529
    ],
    "pot_hc": [
      2.969292781134787,
      7.239047552149829,
      1.6142968614692936,
      2.3541316169397057,
      1.0523320086725578,
      1.0,
      1.8923836955951032,
      4.708101023876396,
      1.2186723250361255,
      1.7790951823207812,
      4.758315318216763,
      7.057465395388203
    ],
    "pot_soir": [
      2.249205933811114,
      6.57307643562952,
      4.317734020739119,
      1.0,
      1.0,
      1.0731138978870043,
      1.328644687632123,
      5.4456576010688575,
      2.0594520083081185,
      1.4468327765581663,
      5.626535766225272,
      2.8171622454744343
    ],
    "pot_nuit": [
      2.303586670564347,
      6.213619460502989,
      4.475380329509482,
      1.0,
      1.0,
      1.0,
      1.3294329194299812,
      5.553845137820532,
      2.0518212680550216,
      1.4091801043986398,
      5.6964715006120645,
      2.7947415333936165
    ]
  }
}