{
  "run_id": "run_20260504_040122_0af43de8",
  "timestamp": "2026-05-04T04:12:03",
  "elapsed_s": 631.1,
  "params": {
    "use_new_od": true,
    "route_choice": true,
    "freq_opt": true,
    "route_rules": true,
    "alpha_pass": 5.0,
    "alpha_adeq": 0.1,
    "alpha_oper": 0.05
  },
  "fixed_params": {
    "min_routes": 5,
    "max_routes": 12,
    "time_limit": 1200,
    "max_iter": 7,
    "initial_count": 10000,
    "pricing_count": 1000,
    "ls_rounds": 20
  },
  "n_routes": 12,
  "peak_band": "pot_hp",
  "peak_metrics": {
    "d0": 16.962768920845775,
    "d1": 19.814071214132774,
    "d2": 17.37703968244686,
    "d3+": 7.7069376197684445,
    "dun": 38.13918256280605,
    "ATT": 14.940637020878746
  },
  "peak_adequation_pct_ok": 50.0,
  "period_results": {
    "pot_hp": {
      "d0": 16.962768920845775,
      "d1": 19.814071214132774,
      "d2": 17.37703968244686,
      "d3+": 7.7069376197684445,
      "dun": 38.13918256280605,
      "ATT": 14.940637020878746,
      "adeq_pct_ok": 50.0,
      "avg_freq": 2.0285562596089335
    },
    "pot_hc": {
      "d0": 16.962768920845775,
      "d1": 19.814071214132774,
      "d2": 17.37703968244686,
      "d3+": 7.7069376197684445,
      "dun": 38.13918256280605,
      "ATT": 14.940637020878746,
      "adeq_pct_ok": 50.0,
      "avg_freq": 2.0489044574305963
    },
    "pot_soir": {
      "d0": 16.962768920845775,
      "d1": 19.814071214132774,
      "d2": 17.37703968244686,
      "d3+": 7.7069376197684445,
      "dun": 38.13918256280605,
      "ATT": 14.940637020878746,
      "adeq_pct_ok": 44.5945945945946,
      "avg_freq": 1.6837888035523945
    },
    "pot_nuit": {
      "d0": 16.962768920845775,
      "d1": 19.814071214132774,
      "d2": 17.37703968244686,
      "d3+": 7.7069376197684445,
      "dun": 38.13918256280605,
      "ATT": 14.940637020878746,
      "adeq_pct_ok": 43.24324324324324,
      "avg_freq": 1.647450373693096
    }
  },
  "selected_routes": [
    [
      62,
      77,
      0,
      4,
      16,
      7
    ],
    [
      68,
      26,
      51,
      41,
      75,
      15,
      52
    ],
    [
      14,
      48,
      38,
      11,
      36
    ],
    [
      49,
      4,
      77,
      62,
      60,
      38,
      11,
      36
    ],
    [
      74,
      40,
      28,
      27,
      68,
      18
    ],
    [
      71,
      43,
      1,
      2,
      53,
      74,
      40,
      26,
      58,
      51
    ],
    [
      0,
      16,
      7,
      49,
      14,
      68
    ],
    [
      47,
      50,
      35,
      24,
      25,
      28,
      68,
      18,
      56,
      59
    ],
    [
      58,
      25,
      27,
      41,
      75,
      14,
      4,
      62,
      11,
      32
    ],
    [
      33,
      9,
      7,
      16,
      0,
      46,
      78,
      32,
      13,
      36
    ],
    [
      18,
      68,
      41,
      40,
      24,
      22,
      72,
      1,
      23,
      5
    ],
    [
      74,
      40,
      75,
      14,
      4,
      77,
      62,
      32,
      11,
      36
    ]
  ],
  "freqs_per_period": {
    "pot_hp": [
      1.0,
      9.03021873054178,
      1.0,
      2.1165726670185947,
      1.0,
      2.856008678112763,
      1.1883639552485479,
      1.0,
      1.0,
      2.0316700064109194,
      1.119841077974599,
      1.0
    ],
    "pot_hc": [
      1.3334152905686645,
      8.575853181983126,
      1.0,
      2.3617712718908628,
      1.0,
      3.0015187158898775,
      1.0,
      1.0,
      1.0,
      2.314295028834627,
      1.0,
      1.0
    ],
    "pot_soir": [
      2.027325081532305,
      6.549235344504536,
      1.0,
      1.299407418612745,
      1.0,
      1.419916388541006,
      1.0,
      1.0,
      1.0,
      1.4468327765581663,
      1.4627486328799766,
      1.0
    ],
    "pot_nuit": [
      1.985415981171571,
      6.243704768307482,
      1.0,
      1.3571851649589195,
      1.0,
      1.304302025914837,
      1.0,
      1.0,
      1.0,
      1.4091801043986398,
      1.469616439565704,
      1.0
    ]
  }
}