{
  "run_id": "run_20260504_070453_7da131bd",
  "timestamp": "2026-05-04T07:18:53",
  "elapsed_s": 639.6,
  "params": {
    "use_new_od": true,
    "route_choice": true,
    "freq_opt": true,
    "route_rules": true,
    "alpha_pass": 5.0,
    "alpha_adeq": 0.5,
    "alpha_oper": 0.05
  },
  "fixed_params": {
    "min_routes": 5,
    "max_routes": 12,
    "time_limit": 1200,
    "max_iter": 7,
    "initial_count": 10000,
    "pricing_count": 1000,
    "ls_rounds": 20
  },
  "n_routes": 12,
  "peak_band": "pot_hp",
  "peak_metrics": {
    "d0": 20.977774638107714,
    "d1": 36.71775091160336,
    "d2": 20.970246306527304,
    "d3+": 6.452708249121976,
    "dun": 14.88151989463962,
    "ATT": 17.505018689357257
  },
  "peak_adequation_pct_ok": 72.97297297297297,
  "period_results": {
    "pot_hp": {
      "d0": 20.977774638107714,
      "d1": 36.71775091160336,
      "d2": 20.970246306527304,
      "d3+": 6.452708249121976,
      "dun": 14.88151989463962,
      "ATT": 17.505018689357257,
      "adeq_pct_ok": 72.97297297297297,
      "avg_freq": 3.9338173503511467
    },
    "pot_hc": {
      "d0": 20.977774638107714,
      "d1": 36.71775091160336,
      "d2": 20.970246306527304,
      "d3+": 6.452708249121976,
      "dun": 14.88151989463962,
      "ATT": 17.505018689357257,
      "adeq_pct_ok": 79.72972972972973,
      "avg_freq": 3.275222110140134
    },
    "pot_soir": {
      "d0": 20.977774638107714,
      "d1": 36.71775091160336,
      "d2": 20.970246306527304,
      "d3+": 6.452708249121976,
      "dun": 14.88151989463962,
      "ATT": 17.505018689357257,
      "adeq_pct_ok": 70.27027027027027,
      "avg_freq": 2.890365848656478
    },
    "pot_nuit": {
      "d0": 20.977774638107714,
      "d1": 36.71775091160336,
      "d2": 20.970246306527304,
      "d3+": 6.452708249121976,
      "dun": 14.88151989463962,
      "ATT": 17.505018689357257,
      "adeq_pct_ok": 72.97297297297297,
      "avg_freq": 2.917699144002323
    }
  },
  "selected_routes": [
    [
      54,
      26,
      51,
      40,
      35,
      15,
      52
    ],
    [
      17,
      28,
      27,
      41,
      14,
      4,
      38,
      32
    ],
    [
      10,
      42,
      12,
      53,
      74,
      4,
      60,
      48,
      11,
      32
    ],
    [
      36,
      11,
      60,
      0,
      7,
      14,
      68,
      27,
      25,
      28
    ],
    [
      71,
      43,
      64,
      57,
      1,
      74,
      40,
      25,
      27,
      18
    ],
    [
      18,
      68,
      27,
      25,
      58,
      40,
      53,
      63,
      57,
      71
    ],
    [
      16,
      7,
      49,
      14,
      41,
      68,
      27,
      28
    ],
    [
      47,
      50,
      24,
      40,
      25,
      28,
      68,
      18,
      56,
      61
    ],
    [
      33,
      9,
      7,
      16,
      0,
      46,
      78,
      32,
      13,
      36
    ],
    [
      68,
      27,
      41,
      40,
      24,
      22,
      72,
      1,
      23
    ],
    [
      74,
      40,
      75,
      14,
      4,
      77,
      62,
      32,
      11,
      36
    ],
    [
      28,
      41,
      17,
      14,
      4,
      77,
      62,
      30,
      32,
      3
    ]
  ],
  "freqs_per_period": {
    "pot_hp": [
      12.267193509894932,
      7.602942015902265,
      4.747532299325406,
      2.395448292395744,
      1.0303561136027772,
      1.65764244560366,
      4.733961886201507,
      1.1072926494546202,
      1.2386585656731774,
      5.601254462133996,
      3.823525964025679,
      1.0
    ],
    "pot_hc": [
      11.26569062384547,
      1.0,
      5.244001369059818,
      1.2599228743465567,
      1.4919624156958815,
      1.0,
      4.0986249354790365,
      1.0,
      2.898834628599904,
      4.782770594728908,
      3.9067262629863313,
      1.3541316169397057
    ],
    "pot_soir": [
      9.326024321121194,
      1.0,
      2.283405690321817,
      3.136434963493779,
      1.0,
      1.6010942950838332,
      3.6412163688309165,
      1.0,
      1.7286876884531532,
      5.626535766225272,
      3.3409910903477735,
      1.0
    ],
    "pot_nuit": [
      9.446657942480398,
      1.0,
      2.303586670564347,
      3.276780516899181,
      1.0,
      1.5927176639492728,
      3.6352864619846605,
      1.0,
      1.7214961490583132,
      5.6964715006120645,
      3.33939282247964,
      1.0
    ]
  }
}