{
  "run_id": "run_20260504_012959_90085b31",
  "timestamp": "2026-05-04T01:35:18",
  "elapsed_s": 311.4,
  "params": {
    "use_new_od": true,
    "route_choice": true,
    "freq_opt": true,
    "route_rules": true,
    "alpha_pass": 2.0,
    "alpha_adeq": 0.3,
    "alpha_oper": 0.01
  },
  "fixed_params": {
    "min_routes": 5,
    "max_routes": 12,
    "time_limit": 500,
    "max_iter": 7,
    "initial_count": 10000,
    "pricing_count": 1000,
    "ls_rounds": 20
  },
  "n_routes": 12,
  "peak_band": "pot_hp",
  "peak_metrics": {
    "d0": 26.39717974379132,
    "d1": 34.82681223064398,
    "d2": 20.312106980259024,
    "d3+": 5.4152898931209466,
    "dun": 13.048611152184716,
    "ATT": 16.09590976825034
  },
  "peak_adequation_pct_ok": 93.24324324324324,
  "period_results": {
    "pot_hp": {
      "d0": 26.39717974379132,
      "d1": 34.82681223064398,
      "d2": 20.312106980259024,
      "d3+": 5.4152898931209466,
      "dun": 13.048611152184716,
      "ATT": 16.09590976825034,
      "adeq_pct_ok": 93.24324324324324,
      "avg_freq": 4.595826808552201
    },
    "pot_hc": {
      "d0": 26.39717974379132,
      "d1": 34.82681223064398,
      "d2": 20.312106980259024,
      "d3+": 5.4152898931209466,
      "dun": 13.048611152184716,
      "ATT": 16.09590976825034,
      "adeq_pct_ok": 90.54054054054053,
      "avg_freq": 4.28563276348513
    },
    "pot_soir": {
      "d0": 26.39717974379132,
      "d1": 34.82681223064398,
      "d2": 20.312106980259024,
      "d3+": 5.4152898931209466,
      "dun": 13.048611152184716,
      "ATT": 16.09590976825034,
      "adeq_pct_ok": 75.67567567567568,
      "avg_freq": 3.5113950888178995
    },
    "pot_nuit": {
      "d0": 26.39717974379132,
      "d1": 34.82681223064398,
      "d2": 20.312106980259024,
      "d3+": 5.4152898931209466,
      "dun": 13.048611152184716,
      "ATT": 16.09590976825034,
      "adeq_pct_ok": 74.32432432432432,
      "avg_freq": 3.5762831369109276
    }
  },
  "selected_routes": [
    [
      10,
      42,
      12,
      23,
      26,
      51,
      27,
      0,
      62,
      32
    ],
    [
      54,
      72,
      74,
      22,
      40,
      28,
      41,
      75,
      15
    ],
    [
      28,
      27,
      17,
      41,
      14,
      4,
      38,
      11,
      36
    ],
    [
      54,
      27,
      68,
      14,
      4,
      77,
      62,
      30,
      32,
      3
    ],
    [
      28,
      27,
      41,
      75,
      68,
      14,
      49,
      62,
      60,
      32
    ],
    [
      18,
      68,
      27,
      25,
      58,
      40,
      53,
      63,
      57,
      71
    ],
    [
      29,
      21,
      52,
      75,
      14,
      7,
      16,
      0,
      30,
      32
    ],
    [
      34,
      61,
      48,
      62,
      16,
      7,
      49,
      14,
      68,
      27
    ],
    [
      47,
      24,
      40,
      25,
      28,
      68,
      18
    ],
    [
      33,
      9,
      7,
      16,
      0,
      46,
      78,
      32,
      13,
      36
    ],
    [
      71,
      1,
      70,
      72,
      22,
      15,
      59
    ],
    [
      53,
      74,
      40,
      75,
      14,
      4,
      77,
      62,
      30,
      32
    ]
  ],
  "freqs_per_period": {
    "pot_hp": [
      5.660240361108449,
      18.65718006457317,
      7.557455964015855,
      3.8945925631823255,
      2.2969783478981367,
      2.9493194743763187,
      3.567414483939784,
      1.4027414023917364,
      5.481455138863439,
      1.6825439022772055,
      1.0,
      1.0
    ],
    "pot_hc": [
      5.29191679468534,
      17.5046682457192,
      6.331277778293637,
      3.3381020229422442,
      1.0,
      1.7578269716912445,
      4.309750261731283,
      1.0,
      5.535208659543999,
      1.7785415362840773,
      2.5803008909305376,
      1.0
    ],
    "pot_soir": [
      2.044060125177248,
      8.807688099152614,
      8.228152610793835,
      1.0,
      1.0,
      3.32985200584267,
      4.795137068358382,
      1.282614135636277,
      7.072166740435503,
      1.1981342569332036,
      2.378936023485065,
      1.0
    ],
    "pot_nuit": [
      2.106879392175549,
      9.150548777673901,
      8.676435438820233,
      1.0,
      1.0,
      3.089871894953469,
      4.868172751998829,
      1.2557400736920057,
      7.238348293588876,
      1.0677079554215134,
      2.4616930646067607,
      1.0
    ]
  }
}