{
  "run_id": "run_20260504_065416_65da8812",
  "timestamp": "2026-05-04T07:04:53",
  "elapsed_s": 624.6,
  "params": {
    "use_new_od": true,
    "route_choice": true,
    "freq_opt": true,
    "route_rules": true,
    "alpha_pass": 5.0,
    "alpha_adeq": 0.05,
    "alpha_oper": 0.01
  },
  "fixed_params": {
    "min_routes": 5,
    "max_routes": 12,
    "time_limit": 1200,
    "max_iter": 7,
    "initial_count": 10000,
    "pricing_count": 1000,
    "ls_rounds": 20
  },
  "n_routes": 12,
  "peak_band": "pot_hp",
  "peak_metrics": {
    "d0": 21.671816303292466,
    "d1": 24.51687528243712,
    "d2": 16.324780595239115,
    "d3+": 6.069643080529936,
    "dun": 31.416884738501295,
    "ATT": 14.064470523101217
  },
  "peak_adequation_pct_ok": 68.91891891891892,
  "period_results": {
    "pot_hp": {
      "d0": 21.671816303292466,
      "d1": 24.51687528243712,
      "d2": 16.324780595239115,
      "d3+": 6.069643080529936,
      "dun": 31.416884738501295,
      "ATT": 14.064470523101217,
      "adeq_pct_ok": 68.91891891891892,
      "avg_freq": 3.5781426972892416
    },
    "pot_hc": {
      "d0": 21.671816303292466,
      "d1": 24.51687528243712,
      "d2": 16.324780595239115,
      "d3+": 6.069643080529936,
      "dun": 31.416884738501295,
      "ATT": 14.064470523101217,
      "adeq_pct_ok": 67.56756756756756,
      "avg_freq": 2.6313480504526816
    },
    "pot_soir": {
      "d0": 21.671816303292466,
      "d1": 24.51687528243712,
      "d2": 16.324780595239115,
      "d3+": 6.069643080529936,
      "dun": 31.416884738501295,
      "ATT": 14.064470523101217,
      "adeq_pct_ok": 62.16216216216216,
      "avg_freq": 2.595174439858025
    },
    "pot_nuit": {
      "d0": 21.671816303292466,
      "d1": 24.51687528243712,
      "d2": 16.324780595239115,
      "d3+": 6.069643080529936,
      "dun": 31.416884738501295,
      "ATT": 14.064470523101217,
      "adeq_pct_ok": 60.810810810810814,
      "avg_freq": 2.621485376159384
    }
  },
  "selected_routes": [
    [
      27,
      28,
      15,
      40,
      24,
      52
    ],
    [
      10,
      53,
      74,
      35,
      21,
      15,
      7,
      9,
      16,
      0
    ],
    [
      17,
      28,
      27,
      68,
      4,
      60,
      48,
      38,
      11,
      32
    ],
    [
      36,
      11,
      38,
      0,
      7,
      14,
      68,
      27,
      25,
      28
    ],
    [
      71,
      43,
      64,
      57,
      1,
      74,
      40,
      25,
      27,
      68
    ],
    [
      16,
      7,
      49,
      14,
      41,
      68,
      27,
      28
    ],
    [
      47,
      24,
      40,
      25,
      28,
      68,
      18,
      56
    ],
    [
      58,
      25,
      27,
      75,
      41,
      14,
      4,
      62,
      11,
      36
    ],
    [
      9,
      7,
      16,
      0,
      46,
      78,
      32,
      13,
      36
    ],
    [
      68,
      41,
      40,
      24,
      22,
      72,
      1,
      23
    ],
    [
      74,
      40,
      75,
      14,
      4,
      77,
      62,
      32,
      11,
      36
    ],
    [
      28,
      27,
      41,
      14,
      4,
      77,
      62,
      30,
      32,
      36
    ]
  ],
  "freqs_per_period": {
    "pot_hp": [
      15.122575327354813,
      2.6944407472228935,
      7.302906233140683,
      1.0,
      1.510173199011969,
      2.41670722217697,
      1.8476140194640027,
      1.0,
      1.0,
      4.576217895023054,
      2.430684703861825,
      2.0363930202146827
    ],
    "pot_hc": [
      7.5180222870666285,
      4.057463233601128,
      2.3541316169397057,
      1.0,
      1.8566306975985376,
      1.5297700541386097,
      2.307741061719678,
      1.0,
      1.4210011052966747,
      3.834931273523127,
      2.023808275797519,
      2.672676999750573
    ],
    "pot_soir": [
      8.510884178241424,
      3.9187010046090682,
      1.7059786052984778,
      1.0,
      1.4577001053980532,
      1.8055380470312237,
      2.0594520083081185,
      1.0,
      1.1682513259867313,
      4.2579711014246175,
      3.2576169019985866,
      1.0
    ],
    "pot_nuit": [
      8.886341428312608,
      4.055813287320413,
      1.7534410041736093,
      1.0,
      1.3703349108835658,
      1.7280552022591205,
      2.0518212680550216,
      1.0,
      1.1791567526396376,
      4.1576215413629605,
      3.2752391189056693,
      1.0
    ]
  }
}