{
  "run_id": "run_20260504_064046_da005d25",
  "timestamp": "2026-05-04T06:54:16",
  "elapsed_s": 799.0,
  "params": {
    "use_new_od": true,
    "route_choice": true,
    "freq_opt": true,
    "route_rules": true,
    "alpha_pass": 0.5,
    "alpha_adeq": 0.5,
    "alpha_oper": 0.01
  },
  "fixed_params": {
    "min_routes": 5,
    "max_routes": 12,
    "time_limit": 1200,
    "max_iter": 7,
    "initial_count": 10000,
    "pricing_count": 1000,
    "ls_rounds": 20
  },
  "n_routes": 7,
  "peak_band": "pot_hp",
  "peak_metrics": {
    "d0": 20.53720804116577,
    "d1": 26.984654264959424,
    "d2": 20.7995931099646,
    "d3+": 12.185236569358288,
    "dun": 19.493308014551914,
    "ATT": 27.53184843998345
  },
  "peak_adequation_pct_ok": 75.67567567567568,
  "period_results": {
    "pot_hp": {
      "d0": 20.53720804116577,
      "d1": 26.984654264959424,
      "d2": 20.7995931099646,
      "d3+": 12.185236569358288,
      "dun": 19.493308014551914,
      "ATT": 27.53184843998345,
      "adeq_pct_ok": 75.67567567567568,
      "avg_freq": 8.204101709556905
    },
    "pot_hc": {
      "d0": 20.53720804116577,
      "d1": 26.984654264959424,
      "d2": 20.7995931099646,
      "d3+": 12.185236569358288,
      "dun": 19.493308014551914,
      "ATT": 27.53184843998345,
      "adeq_pct_ok": 81.08108108108108,
      "avg_freq": 6.679502164605851
    },
    "pot_soir": {
      "d0": 20.53720804116577,
      "d1": 26.984654264959424,
      "d2": 20.7995931099646,
      "d3+": 12.185236569358288,
      "dun": 19.493308014551914,
      "ATT": 27.53184843998345,
      "adeq_pct_ok": 72.97297297297297,
      "avg_freq": 6.003950211992722
    },
    "pot_nuit": {
      "d0": 20.53720804116577,
      "d1": 26.984654264959424,
      "d2": 20.7995931099646,
      "d3+": 12.185236569358288,
      "dun": 19.493308014551914,
      "ATT": 27.53184843998345,
      "adeq_pct_ok": 71.62162162162163,
      "avg_freq": 6.035036749878943
    }
  },
  "selected_routes": [
    [
      54,
      26,
      51,
      27,
      7,
      16,
      0,
      60,
      11,
      32
    ],
    [
      10,
      42,
      12,
      21,
      52,
      41,
      75,
      14,
      49,
      4
    ],
    [
      37,
      32,
      11,
      30,
      38,
      48,
      60,
      45,
      62,
      77
    ],
    [
      47,
      24,
      40,
      28,
      68,
      18,
      17
    ],
    [
      33,
      9,
      16,
      0,
      60,
      46,
      78,
      32,
      13,
      3
    ],
    [
      51,
      40,
      53,
      44,
      70,
      1,
      57,
      64,
      43,
      71
    ],
    [
      36,
      75,
      15,
      76,
      40,
      54,
      74,
      22,
      72,
      23
    ]
  ],
  "freqs_per_period": {
    "pot_hp": [
      18.869152695674828,
      5.660240361108449,
      1.0,
      19.787476281397314,
      1.196626293237573,
      1.510173199011969,
      9.405043136468205
    ],
    "pot_hc": [
      13.114274904979087,
      5.29191679468534,
      1.8620267778358566,
      14.239121473805834,
      1.7713597036393618,
      2.0432526489489744,
      8.434562848346502
    ],
    "pot_soir": [
      12.182769344909294,
      2.8258385155202177,
      1.0,
      14.117916367636493,
      1.009682305262757,
      1.4577001053980532,
      9.433744845222234
    ],
    "pot_nuit": [
      12.455057372195856,
      2.799583788049926,
      1.0,
      13.808429828359998,
      1.067707955421512,
      1.3703349108835658,
      9.744143394241746
    ]
  }
}