{
  "run_id": "run_20260504_044841_71801995",
  "timestamp": "2026-05-04T05:06:56",
  "elapsed_s": 1085.8,
  "params": {
    "use_new_od": true,
    "route_choice": true,
    "freq_opt": true,
    "route_rules": true,
    "alpha_pass": 0.5,
    "alpha_adeq": 0.7,
    "alpha_oper": 0.05
  },
  "fixed_params": {
    "min_routes": 5,
    "max_routes": 12,
    "time_limit": 1200,
    "max_iter": 7,
    "initial_count": 10000,
    "pricing_count": 1000,
    "ls_rounds": 20
  },
  "n_routes": 7,
  "peak_band": "pot_hp",
  "peak_metrics": {
    "d0": 20.21088822466537,
    "d1": 26.424365507117408,
    "d2": 23.169413852306455,
    "d3+": 6.2394713147274725,
    "dun": 23.955861101183274,
    "ATT": 19.175745329094894
  },
  "peak_adequation_pct_ok": 74.32432432432432,
  "period_results": {
    "pot_hp": {
      "d0": 20.21088822466537,
      "d1": 26.424365507117408,
      "d2": 23.169413852306455,
      "d3+": 6.2394713147274725,
      "dun": 23.955861101183274,
      "ATT": 19.175745329094894,
      "adeq_pct_ok": 74.32432432432432,
      "avg_freq": 5.785560088260029
    },
    "pot_hc": {
      "d0": 20.21088822466537,
      "d1": 26.424365507117408,
      "d2": 23.169413852306455,
      "d3+": 6.2394713147274725,
      "dun": 23.955861101183274,
      "ATT": 19.175745329094894,
      "adeq_pct_ok": 78.37837837837837,
      "avg_freq": 5.095476975579354
    },
    "pot_soir": {
      "d0": 20.21088822466537,
      "d1": 26.424365507117408,
      "d2": 23.169413852306455,
      "d3+": 6.2394713147274725,
      "dun": 23.955861101183274,
      "ATT": 19.175745329094894,
      "adeq_pct_ok": 71.62162162162163,
      "avg_freq": 4.704634123233473
    },
    "pot_nuit": {
      "d0": 20.21088822466537,
      "d1": 26.424365507117408,
      "d2": 23.169413852306455,
      "d3+": 6.2394713147274725,
      "dun": 23.955861101183274,
      "ATT": 19.175745329094894,
      "adeq_pct_ok": 71.62162162162163,
      "avg_freq": 4.581670327388798
    }
  },
  "selected_routes": [
    [
      54,
      26,
      58,
      51,
      27,
      68,
      7,
      16,
      0,
      32
    ],
    [
      19,
      21,
      52,
      40,
      15,
      14,
      49,
      11,
      36
    ],
    [
      36,
      11,
      38,
      48,
      60,
      45,
      62,
      40,
      74,
      53
    ],
    [
      47,
      24,
      40,
      28,
      68,
      18,
      17
    ],
    [
      33,
      9,
      7,
      16,
      0,
      60,
      30,
      32,
      13,
      36
    ],
    [
      51,
      40,
      53,
      44,
      70,
      1,
      57,
      64,
      43,
      71
    ],
    [
      4,
      75,
      15,
      76,
      40,
      22,
      74,
      72,
      23,
      10
    ]
  ],
  "freqs_per_period": {
    "pot_hp": [
      18.526163744001536,
      3.599625449156766,
      3.3290509552545733,
      5.481455138863439,
      1.2053722185133315,
      1.510173199011969,
      6.847079913018593
    ],
    "pot_hc": [
      11.71246226248404,
      3.867141864912327,
      3.470320789691438,
      4.475307950297844,
      4.039562206372073,
      1.647485955487001,
      6.456057799810759
    ],
    "pot_soir": [
      9.326024321121194,
      4.459504134529712,
      3.2225366823989736,
      7.072166740435503,
      1.7234564487304345,
      1.5022147691932197,
      5.626535766225272
    ],
    "pot_nuit": [
      9.446657942480398,
      4.618954680729535,
      3.3833782665965946,
      5.681151627430793,
      1.7161484438082188,
      1.5289298300639753,
      5.6964715006120645
    ]
  }
}