{
  "run_id": "run_20260504_051929_d47906fe",
  "timestamp": "2026-05-04T06:30:56",
  "elapsed_s": 4270.2,
  "params": {
    "use_new_od": true,
    "route_choice": true,
    "freq_opt": true,
    "route_rules": true,
    "alpha_pass": 2.0,
    "alpha_adeq": 1.0,
    "alpha_oper": 0.005
  },
  "fixed_params": {
    "min_routes": 5,
    "max_routes": 12,
    "time_limit": 1200,
    "max_iter": 7,
    "initial_count": 10000,
    "pricing_count": 1000,
    "ls_rounds": 20
  },
  "n_routes": 12,
  "peak_band": "pot_hp",
  "peak_metrics": {
    "d0": 24.809966553728056,
    "d1": 40.878574234287136,
    "d2": 17.291634804859626,
    "d3+": 2.316816265685779,
    "dun": 14.703008141439375,
    "ATT": 16.2866140259816
  },
  "peak_adequation_pct_ok": 87.83783783783784,
  "period_results": {
    "pot_hp": {
      "d0": 24.809966553728056,
      "d1": 40.878574234287136,
      "d2": 17.291634804859626,
      "d3+": 2.316816265685779,
      "dun": 14.703008141439375,
      "ATT": 16.2866140259816,
      "adeq_pct_ok": 87.83783783783784,
      "avg_freq": 5.862820539083426
    },
    "pot_hc": {
      "d0": 24.809966553728056,
      "d1": 40.878574234287136,
      "d2": 17.291634804859626,
      "d3+": 2.316816265685779,
      "dun": 14.703008141439375,
      "ATT": 16.2866140259816,
      "adeq_pct_ok": 93.24324324324324,
      "avg_freq": 4.832062589530451
    },
    "pot_soir": {
      "d0": 24.809966553728056,
      "d1": 40.878574234287136,
      "d2": 17.291634804859626,
      "d3+": 2.316816265685779,
      "dun": 14.703008141439375,
      "ATT": 16.2866140259816,
      "adeq_pct_ok": 82.43243243243244,
      "avg_freq": 4.165045054760205
    },
    "pot_nuit": {
      "d0": 24.809966553728056,
      "d1": 40.878574234287136,
      "d2": 17.291634804859626,
      "d3+": 2.316816265685779,
      "dun": 14.703008141439375,
      "ATT": 16.2866140259816,
      "adeq_pct_ok": 82.43243243243244,
      "avg_freq": 4.193708125059131
    }
  },
  "selected_routes": [
    [
      54,
      74,
      28,
      17,
      15,
      0
    ],
    [
      10,
      12,
      54,
      51,
      68,
      14,
      38,
      11,
      36,
      3
    ],
    [
      65,
      71,
      27,
      68,
      14,
      4,
      77,
      38,
      11,
      32
    ],
    [
      1,
      74,
      40,
      28,
      27
    ],
    [
      18,
      68,
      27,
      25,
      58,
      40,
      53,
      63,
      57,
      71
    ],
    [
      34,
      16,
      7,
      49,
      14,
      75,
      41,
      27,
      28
    ],
    [
      47,
      52,
      40,
      25,
      26,
      68,
      18,
      56,
      59,
      61
    ],
    [
      13,
      11,
      32,
      60,
      0,
      16,
      7,
      9,
      33
    ],
    [
      41,
      40,
      24,
      22,
      72,
      1,
      23
    ],
    [
      18,
      68,
      15,
      52,
      21,
      19,
      35,
      50,
      47
    ],
    [
      74,
      40,
      75,
      14,
      4,
      77,
      62,
      32,
      11,
      36
    ],
    [
      71,
      28,
      41,
      14,
      4,
      77,
      62,
      30,
      32
    ]
  ],
  "freqs_per_period": {
    "pot_hp": [
      13.856049620798773,
      8.69572300695672,
      5.989254130864112,
      16.905963605439354,
      1.0,
      1.298375433773187,
      1.0,
      9.642977748106652,
      5.313610134289864,
      3.079913337910286,
      2.5719794508621625,
      1.0
    ],
    "pot_hc": [
      12.712895972398444,
      8.129874296262999,
      1.4423262572897215,
      7.8835067860042916,
      1.0,
      1.1632014826481454,
      1.0,
      11.041296101336679,
      4.894605855583723,
      3.3220553451477497,
      3.2534534617168305,
      2.1415355159768246
    ],
    "pot_soir": [
      10.458848454468303,
      5.821645233185146,
      1.0,
      5.342202484088802,
      3.562272327316723,
      5.468698345201034,
      1.2096055462704807,
      2.318086702210418,
      6.535306920766609,
      3.703555076626793,
      3.560319566988172,
      1.0
    ],
    "pot_nuit": [
      9.885679266032444,
      6.249521916705825,
      1.0,
      5.98780158023793,
      3.344571985031213,
      5.332927865793398,
      1.098325886976651,
      2.5243920462102025,
      6.611096243685317,
      3.8532074397514475,
      3.4369732702851357,
      1.0
    ]
  }
}