{
  "run_id": "run_20260504_050656_f58fc179",
  "timestamp": "2026-05-04T05:19:29",
  "elapsed_s": 739.1,
  "params": {
    "use_new_od": true,
    "route_choice": true,
    "freq_opt": true,
    "route_rules": true,
    "alpha_pass": 2.0,
    "alpha_adeq": 0.5,
    "alpha_oper": 0.005
  },
  "fixed_params": {
    "min_routes": 5,
    "max_routes": 12,
    "time_limit": 1200,
    "max_iter": 7,
    "initial_count": 10000,
    "pricing_count": 1000,
    "ls_rounds": 20
  },
  "n_routes": 12,
  "peak_band": "pot_hp",
  "peak_metrics": {
    "d0": 26.46738050888829,
    "d1": 32.20954313731815,
    "d2": 23.009472557724543,
    "d3+": 11.363772547671317,
    "dun": 6.949831248397677,
    "ATT": 16.546251191229516
  },
  "peak_adequation_pct_ok": 85.13513513513513,
  "period_results": {
    "pot_hp": {
      "d0": 26.46738050888829,
      "d1": 32.20954313731815,
      "d2": 23.009472557724543,
      "d3+": 11.363772547671317,
      "dun": 6.949831248397677,
      "ATT": 16.546251191229516,
      "adeq_pct_ok": 85.13513513513513,
      "avg_freq": 4.94616520290407
    },
    "pot_hc": {
      "d0": 26.46738050888829,
      "d1": 32.20954313731815,
      "d2": 23.009472557724543,
      "d3+": 11.363772547671317,
      "dun": 6.949831248397677,
      "ATT": 16.546251191229516,
      "adeq_pct_ok": 89.1891891891892,
      "avg_freq": 4.055297895823664
    },
    "pot_soir": {
      "d0": 26.46738050888829,
      "d1": 32.20954313731815,
      "d2": 23.009472557724543,
      "d3+": 11.363772547671317,
      "dun": 6.949831248397677,
      "ATT": 16.546251191229516,
      "adeq_pct_ok": 78.37837837837837,
      "avg_freq": 3.607409667514668
    },
    "pot_nuit": {
      "d0": 26.46738050888829,
      "d1": 32.20954313731815,
      "d2": 23.009472557724543,
      "d3+": 11.363772547671317,
      "dun": 6.949831248397677,
      "ATT": 16.546251191229516,
      "adeq_pct_ok": 78.37837837837837,
      "avg_freq": 3.657299482853597
    }
  },
  "selected_routes": [
    [
      10,
      12,
      74,
      40,
      15,
      9,
      4,
      0,
      11,
      32
    ],
    [
      65,
      27,
      17,
      7,
      9,
      4,
      77,
      62,
      30,
      32
    ],
    [
      28,
      41,
      75,
      14,
      7,
      62,
      45,
      48,
      38,
      32
    ],
    [
      36,
      11,
      60,
      16,
      7,
      14,
      68,
      27,
      25,
      28
    ],
    [
      18,
      68,
      27,
      25,
      58,
      40,
      53,
      63,
      57,
      71
    ],
    [
      3,
      34,
      15,
      69,
      55,
      21,
      22,
      54,
      70,
      1
    ],
    [
      16,
      7,
      49,
      14,
      41,
      68,
      27,
      28,
      54
    ],
    [
      47,
      24,
      40,
      25,
      28,
      68,
      18
    ],
    [
      61,
      36,
      13,
      32,
      78,
      46,
      0,
      16,
      7,
      9
    ],
    [
      68,
      41,
      40,
      24,
      54,
      74,
      22,
      72,
      1,
      23
    ],
    [
      59,
      18,
      68,
      15,
      52,
      21,
      19,
      35,
      50,
      47
    ],
    [
      74,
      40,
      75,
      14,
      4,
      77,
      62,
      32,
      11,
      36
    ]
  ],
  "freqs_per_period": {
    "pot_hp": [
      8.69572300695672,
      5.4184224810109445,
      1.483645930388805,
      5.367930605044091,
      3.4291226351315305,
      1.196626293237573,
      16.77892843949487,
      6.834944491922986,
      1.0,
      4.576217895023054,
      2.621163540956881,
      1.9512571156813758
    ],
    "pot_hc": [
      8.129874296262999,
      2.3541316169397057,
      1.6002916169157515,
      2.98613210487527,
      3.7063102621862223,
      1.3665375576269019,
      14.929352114601027,
      1.1167143377026738,
      1.0,
      4.546880596433514,
      2.77285229042223,
      4.154497955917672
    ],
    "pot_soir": [
      4.431325592452341,
      1.1990753573609267,
      1.0,
      10.33285339165228,
      3.8695495999490475,
      1.5453139415010788,
      4.445124028631859,
      1.4043970565441706,
      1.0,
      9.504434596485229,
      3.5568424455990835,
      1.0
    ],
    "pot_nuit": [
      4.457850039096811,
      1.0,
      1.0,
      11.655035134420865,
      3.6598951561014346,
      1.421913941889999,
      3.697015153778654,
      1.4462579726776355,
      1.0,
      9.914765798340365,
      3.6348605979373994,
      1.0
    ]
  }
}