{
  "run_id": "run_20260504_041203_5ebeb9ac",
  "timestamp": "2026-05-04T04:23:24",
  "elapsed_s": 667.8,
  "params": {
    "use_new_od": true,
    "route_choice": true,
    "freq_opt": true,
    "route_rules": true,
    "alpha_pass": 5.0,
    "alpha_adeq": 0.2,
    "alpha_oper": 0.01
  },
  "fixed_params": {
    "min_routes": 5,
    "max_routes": 12,
    "time_limit": 1200,
    "max_iter": 7,
    "initial_count": 10000,
    "pricing_count": 1000,
    "ls_rounds": 20
  },
  "n_routes": 12,
  "peak_band": "pot_hp",
  "peak_metrics": {
    "d0": 23.396274682739836,
    "d1": 35.48427571700014,
    "d2": 19.08081460093624,
    "d3+": 6.552786879130074,
    "dun": 15.485848120193712,
    "ATT": 17.02529559606518
  },
  "peak_adequation_pct_ok": 85.13513513513513,
  "period_results": {
    "pot_hp": {
      "d0": 23.396274682739836,
      "d1": 35.48427571700014,
      "d2": 19.08081460093624,
      "d3+": 6.552786879130074,
      "dun": 15.485848120193712,
      "ATT": 17.02529559606518,
      "adeq_pct_ok": 85.13513513513513,
      "avg_freq": 5.214957201264184
    },
    "pot_hc": {
      "d0": 23.396274682739836,
      "d1": 35.48427571700014,
      "d2": 19.08081460093624,
      "d3+": 6.552786879130074,
      "dun": 15.485848120193712,
      "ATT": 17.02529559606518,
      "adeq_pct_ok": 87.83783783783784,
      "avg_freq": 4.385330051929285
    },
    "pot_soir": {
      "d0": 23.396274682739836,
      "d1": 35.48427571700014,
      "d2": 19.08081460093624,
      "d3+": 6.552786879130074,
      "dun": 15.485848120193712,
      "ATT": 17.02529559606518,
      "adeq_pct_ok": 79.72972972972973,
      "avg_freq": 3.5447551552008894
    },
    "pot_nuit": {
      "d0": 23.396274682739836,
      "d1": 35.48427571700014,
      "d2": 19.08081460093624,
      "d3+": 6.552786879130074,
      "dun": 15.485848120193712,
      "ATT": 17.02529559606518,
      "adeq_pct_ok": 81.08108108108108,
      "avg_freq": 3.60182244551707
    }
  },
  "selected_routes": [
    [
      10,
      42,
      21,
      7,
      16,
      0,
      62,
      60,
      11,
      32
    ],
    [
      54,
      51,
      41,
      75,
      47,
      15,
      52
    ],
    [
      12,
      53,
      28,
      41,
      17,
      14,
      38,
      32,
      13,
      36
    ],
    [
      54,
      27,
      68,
      14,
      4,
      32,
      34,
      3
    ],
    [
      74,
      40,
      28,
      27,
      68,
      18
    ],
    [
      71,
      43,
      64,
      57,
      53,
      74,
      40,
      28,
      27
    ],
    [
      16,
      7,
      49,
      14,
      41,
      68,
      27,
      28
    ],
    [
      71,
      24,
      40,
      28,
      25,
      68,
      18,
      59,
      61
    ],
    [
      58,
      25,
      27,
      75,
      41,
      14,
      4,
      62,
      11,
      36
    ],
    [
      33,
      9,
      7,
      16,
      0,
      46,
      78,
      32
    ],
    [
      41,
      40,
      24,
      22,
      72,
      1,
      23
    ],
    [
      40,
      75,
      14,
      4,
      77,
      62,
      32,
      11,
      36
    ]
  ],
  "freqs_per_period": {
    "pot_hp": [
      5.135675185485818,
      18.6401686994455,
      5.4184224810109445,
      3.911603928309993,
      16.241448123634747,
      1.5278979921717908,
      1.3513560383698973,
      1.0,
      1.0,
      1.6349949378323858,
      4.655582576045772,
      2.062336452863356
    ],
    "pot_hc": [
      5.29191679468534,
      19.47623271103454,
      4.744378683205272,
      1.3665375576269019,
      5.939939637053432,
      1.626952437030919,
      1.8053075222726087,
      1.0,
      1.0,
      1.3984537586212664,
      4.782770594728908,
      4.19147092689223
    ],
    "pot_soir": [
      2.8258385155202177,
      9.265854379118183,
      3.274715590450248,
      1.0,
      9.397001461794204,
      1.8108378963185605,
      3.2344849395858217,
      1.0419549605978062,
      1.0,
      1.7264615923054134,
      5.912342499676679,
      2.047570027043539
    ],
    "pot_nuit": [
      2.6537318444901277,
      9.52612989103892,
      3.359650576946075,
      1.0,
      9.191402183216868,
      1.9129733788327572,
      3.4843950672141113,
      1.0380942793934504,
      1.0,
      1.719193000299361,
      6.07532757754249,
      2.260971547230681
    ]
  }
}