{
  "run_id": "run_20260504_030217_ed3c0492",
  "timestamp": "2026-05-04T03:15:47",
  "elapsed_s": 594.5,
  "params": {
    "use_new_od": true,
    "route_choice": true,
    "freq_opt": true,
    "route_rules": true,
    "alpha_pass": 2.0,
    "alpha_adeq": 0.1,
    "alpha_oper": 0.05
  },
  "fixed_params": {
    "min_routes": 5,
    "max_routes": 12,
    "time_limit": 1200,
    "max_iter": 7,
    "initial_count": 10000,
    "pricing_count": 1000,
    "ls_rounds": 20
  },
  "n_routes": 12,
  "peak_band": "pot_hp",
  "peak_metrics": {
    "d0": 17.108638288890134,
    "d1": 26.975513943695823,
    "d2": 26.524041549618914,
    "d3+": 14.900232947350906,
    "dun": 14.49157327044423,
    "ATT": 17.12322039053141
  },
  "peak_adequation_pct_ok": 44.5945945945946,
  "period_results": {
    "pot_hp": {
      "d0": 17.108638288890134,
      "d1": 26.975513943695823,
      "d2": 26.524041549618914,
      "d3+": 14.900232947350906,
      "dun": 14.49157327044423,
      "ATT": 17.12322039053141,
      "adeq_pct_ok": 44.5945945945946,
      "avg_freq": 1.3454736900847397
    },
    "pot_hc": {
      "d0": 17.108638288890134,
      "d1": 26.975513943695823,
      "d2": 26.524041549618914,
      "d3+": 14.900232947350906,
      "dun": 14.49157327044423,
      "ATT": 17.12322039053141,
      "adeq_pct_ok": 47.2972972972973,
      "avg_freq": 1.3405727253284703
    },
    "pot_soir": {
      "d0": 17.108638288890134,
      "d1": 26.975513943695823,
      "d2": 26.524041549618914,
      "d3+": 14.900232947350906,
      "dun": 14.49157327044423,
      "ATT": 17.12322039053141,
      "adeq_pct_ok": 39.189189189189186,
      "avg_freq": 1.2334470390881538
    },
    "pot_nuit": {
      "d0": 17.108638288890134,
      "d1": 26.975513943695823,
      "d2": 26.524041549618914,
      "d3+": 14.900232947350906,
      "dun": 14.49157327044423,
      "ATT": 17.12322039053141,
      "adeq_pct_ok": 37.83783783783784,
      "avg_freq": 1.192158004148134
    }
  },
  "selected_routes": [
    [
      24,
      15,
      14,
      7,
      4,
      16,
      77,
      67,
      0,
      62
    ],
    [
      49,
      4,
      77,
      62,
      48,
      38,
      11,
      13,
      36
    ],
    [
      51,
      15,
      41,
      68,
      7,
      16,
      0,
      60,
      38,
      11
    ],
    [
      26,
      15,
      41,
      75,
      68,
      49,
      7,
      62,
      60
    ],
    [
      71,
      43,
      64,
      1,
      2,
      74,
      40,
      26,
      25,
      51
    ],
    [
      18,
      68,
      27,
      25,
      58,
      40,
      53,
      63,
      57,
      71
    ],
    [
      21,
      52,
      69,
      15,
      76,
      41,
      25,
      28,
      54
    ],
    [
      47,
      24,
      40,
      25,
      28,
      68,
      18,
      56
    ],
    [
      33,
      9,
      7,
      16,
      0,
      46,
      78,
      32
    ],
    [
      72,
      22,
      35,
      24,
      15,
      75,
      14,
      4,
      30,
      32
    ],
    [
      68,
      41,
      40,
      24,
      22,
      72,
      1,
      23,
      5
    ],
    [
      74,
      40,
      75,
      14,
      4,
      77,
      62,
      32,
      11,
      36
    ]
  ],
  "freqs_per_period": {
    "pot_hp": [
      1.0,
      1.624684039831252,
      2.881007730384199,
      1.137694791442901,
      1.3790303654446319,
      1.0,
      1.0,
      1.0,
      1.683546151631121,
      1.3949992107997604,
      1.0447219914830126,
      1.0
    ],
    "pot_hc": [
      1.0,
      2.5875414780507,
      1.9949914259903596,
      1.0,
      1.0,
      1.0,
      1.0,
      1.0,
      1.7806716097134114,
      1.6847524978492558,
      1.038915692337918,
      1.0
    ],
    "pot_soir": [
      1.0,
      1.4686552841457448,
      2.9266913137763217,
      1.0,
      1.0,
      1.0,
      1.0,
      1.0,
      1.0,
      1.0,
      1.4060178711357783,
      1.0
    ],
    "pot_nuit": [
      1.0,
      1.4769981385418594,
      2.317310091151098,
      1.0,
      1.0,
      1.0,
      1.0,
      1.0,
      1.0663664149622425,
      1.0,
      1.445221405122409,
      1.0
    ]
  }
}