{
  "run_id": "run_20260504_020155_850d48a8",
  "timestamp": "2026-05-04T02:14:19",
  "elapsed_s": 721.7,
  "params": {
    "use_new_od": true,
    "route_choice": true,
    "freq_opt": true,
    "route_rules": true,
    "alpha_pass": 5.0,
    "alpha_adeq": 1.0,
    "alpha_oper": 0.005
  },
  "fixed_params": {
    "min_routes": 5,
    "max_routes": 12,
    "time_limit": 1200,
    "max_iter": 7,
    "initial_count": 10000,
    "pricing_count": 1000,
    "ls_rounds": 20
  },
  "n_routes": 12,
  "peak_band": "pot_hp",
  "peak_metrics": {
    "d0": 29.81452429767953,
    "d1": 37.32610985075304,
    "d2": 15.111946922317735,
    "d3+": 5.863798319240384,
    "dun": 11.883620610009311,
    "ATT": 16.072325519235687
  },
  "peak_adequation_pct_ok": 87.83783783783784,
  "period_results": {
    "pot_hp": {
      "d0": 29.81452429767953,
      "d1": 37.32610985075304,
      "d2": 15.111946922317735,
      "d3+": 5.863798319240384,
      "dun": 11.883620610009311,
      "ATT": 16.072325519235687,
      "adeq_pct_ok": 87.83783783783784,
      "avg_freq": 5.682938324653112
    },
    "pot_hc": {
      "d0": 29.81452429767953,
      "d1": 37.32610985075304,
      "d2": 15.111946922317735,
      "d3+": 5.863798319240384,
      "dun": 11.883620610009311,
      "ATT": 16.072325519235687,
      "adeq_pct_ok": 93.24324324324324,
      "avg_freq": 4.088646141718365
    },
    "pot_soir": {
      "d0": 29.81452429767953,
      "d1": 37.32610985075304,
      "d2": 15.111946922317735,
      "d3+": 5.863798319240384,
      "dun": 11.883620610009311,
      "ATT": 16.072325519235687,
      "adeq_pct_ok": 85.13513513513513,
      "avg_freq": 3.820854170329744
    },
    "pot_nuit": {
      "d0": 29.81452429767953,
      "d1": 37.32610985075304,
      "d2": 15.111946922317735,
      "d3+": 5.863798319240384,
      "dun": 11.883620610009311,
      "ATT": 16.072325519235687,
      "adeq_pct_ok": 85.13513513513513,
      "avg_freq": 3.8470406731526183
    }
  },
  "selected_routes": [
    [
      10,
      12,
      35,
      15,
      27,
      7,
      77,
      62,
      60,
      32
    ],
    [
      54,
      28,
      41,
      14,
      9,
      4,
      0,
      38,
      11,
      36
    ],
    [
      72,
      74,
      54,
      28,
      15,
      17,
      7,
      16,
      32,
      3
    ],
    [
      71,
      28,
      27,
      68,
      14,
      4,
      77,
      62,
      32,
      11
    ],
    [
      1,
      22,
      74,
      40,
      25,
      27
    ],
    [
      18,
      68,
      27,
      25,
      58,
      40,
      53,
      63,
      57,
      71
    ],
    [
      34,
      32,
      46,
      16,
      7,
      49,
      14,
      68,
      41,
      27
    ],
    [
      47,
      24,
      40,
      25,
      28,
      68,
      18
    ],
    [
      61,
      36,
      13,
      59,
      32,
      78,
      46,
      0,
      16,
      7
    ],
    [
      41,
      40,
      24,
      22,
      72,
      1,
      23,
      42
    ],
    [
      74,
      40,
      75,
      14,
      4,
      77,
      62,
      32,
      11,
      36
    ],
    [
      39,
      21,
      19,
      29,
      52,
      55,
      69,
      15,
      41,
      28
    ]
  ],
  "freqs_per_period": {
    "pot_hp": [
      5.179871448943051,
      15.790021224696302,
      6.761751403059192,
      3.3284086280720206,
      17.36073526573392,
      1.013224891682671,
      1.0,
      7.507898100794927,
      1.0,
      5.786040580397721,
      1.0,
      2.4673083524575694
    ],
    "pot_hc": [
      5.0291764375331205,
      14.541601030357176,
      6.301169238304267,
      1.0,
      1.9890510363584204,
      3.898641095307959,
      1.0,
      3.2533435712340175,
      1.0,
      5.781846650182652,
      2.6182512426224402,
      2.6506733987203206
    ],
    "pot_soir": [
      2.044060125177248,
      7.424062539959477,
      5.041185941172198,
      1.5507228972812013,
      10.849996749818782,
      3.6539326012224387,
      1.0,
      6.144724743523504,
      1.009682305262757,
      2.815451769691715,
      1.0,
      3.3164303708476055
    ],
    "pot_nuit": [
      2.0732402588841734,
      7.707221074742633,
      4.923143705224741,
      1.3642849412460776,
      11.068389225037372,
      3.4742688159152104,
      1.0,
      6.29766652885304,
      1.0380942793934504,
      2.8512356690076226,
      1.0,
      3.3669435795271063
    ]
  }
}