{
  "run_id": "run_20260504_021419_3247a38a",
  "timestamp": "2026-05-04T02:23:59",
  "elapsed_s": 571.0,
  "params": {
    "use_new_od": true,
    "route_choice": true,
    "freq_opt": true,
    "route_rules": true,
    "alpha_pass": 2.0,
    "alpha_adeq": 0.2,
    "alpha_oper": 0.01
  },
  "fixed_params": {
    "min_routes": 5,
    "max_routes": 12,
    "time_limit": 1200,
    "max_iter": 7,
    "initial_count": 10000,
    "pricing_count": 1000,
    "ls_rounds": 20
  },
  "n_routes": 12,
  "peak_band": "pot_hp",
  "peak_metrics": {
    "d0": 27.80354709328262,
    "d1": 29.241745128690155,
    "d2": 21.119555079010343,
    "d3+": 10.997709079583066,
    "dun": 10.83744361943383,
    "ATT": 16.801965503775037
  },
  "peak_adequation_pct_ok": 87.83783783783784,
  "period_results": {
    "pot_hp": {
      "d0": 27.80354709328262,
      "d1": 29.241745128690155,
      "d2": 21.119555079010343,
      "d3+": 10.997709079583066,
      "dun": 10.83744361943383,
      "ATT": 16.801965503775037,
      "adeq_pct_ok": 87.83783783783784,
      "avg_freq": 4.705711698254594
    },
    "pot_hc": {
      "d0": 27.80354709328262,
      "d1": 29.241745128690155,
      "d2": 21.119555079010343,
      "d3+": 10.997709079583066,
      "dun": 10.83744361943383,
      "ATT": 16.801965503775037,
      "adeq_pct_ok": 85.13513513513513,
      "avg_freq": 3.7048770635931567
    },
    "pot_soir": {
      "d0": 27.80354709328262,
      "d1": 29.241745128690155,
      "d2": 21.119555079010343,
      "d3+": 10.997709079583066,
      "dun": 10.83744361943383,
      "ATT": 16.801965503775037,
      "adeq_pct_ok": 77.02702702702703,
      "avg_freq": 3.334261875870752
    },
    "pot_nuit": {
      "d0": 27.80354709328262,
      "d1": 29.241745128690155,
      "d2": 21.119555079010343,
      "d3+": 10.997709079583066,
      "dun": 10.83744361943383,
      "ATT": 16.801965503775037,
      "adeq_pct_ok": 75.67567567567568,
      "avg_freq": 3.3909000215525746
    }
  },
  "selected_routes": [
    [
      10,
      42,
      12,
      47,
      7,
      16,
      0,
      11,
      36
    ],
    [
      17,
      28,
      51,
      68,
      14,
      49,
      4,
      60,
      30,
      32
    ],
    [
      54,
      35,
      21,
      52,
      28,
      7,
      62,
      48,
      38,
      36
    ],
    [
      28,
      27,
      41,
      75,
      68,
      14,
      49,
      62,
      60,
      32
    ],
    [
      27,
      25,
      40,
      74,
      54
    ],
    [
      18,
      68,
      27,
      25,
      58,
      40,
      53,
      63,
      57,
      71
    ],
    [
      15,
      41,
      76,
      25,
      27,
      28,
      54
    ],
    [
      47,
      24,
      40,
      25,
      28,
      68,
      18,
      56,
      59,
      61
    ],
    [
      33,
      9,
      7,
      16,
      0,
      46,
      78,
      32,
      13
    ],
    [
      72,
      22,
      15,
      75,
      14,
      4,
      30,
      32,
      8
    ],
    [
      18,
      68,
      41,
      40,
      24,
      22,
      72,
      1,
      23,
      5
    ],
    [
      74,
      40,
      75,
      14,
      4,
      77,
      62,
      32,
      11,
      36
    ]
  ],
  "freqs_per_period": {
    "pot_hp": [
      5.135675185485818,
      5.4184224810109445,
      4.52650204200848,
      6.6830913654136355,
      12.956476724422927,
      3.6560981685635214,
      7.012211941907253,
      1.0,
      1.2053722185133315,
      1.0,
      3.767417836900588,
      4.107272414828628
    ],
    "pot_hc": [
      5.244001369059818,
      2.3541316169397057,
      4.9256316985344,
      1.064354724221025,
      8.142966492516962,
      3.7063102621862223,
      7.774172077610084,
      1.0,
      1.7786020393339523,
      1.0,
      3.8946058555837237,
      3.573748627131984
    ],
    "pot_soir": [
      4.036500599975356,
      2.023260932758324,
      4.353833757364572,
      1.0,
      9.377628933752778,
      3.970306804707331,
      5.659516432540423,
      1.0304898843311738,
      1.7283239423795684,
      1.0,
      4.816310945162135,
      1.0149702774773697
    ],
    "pot_nuit": [
      4.099654321421471,
      2.1069373306015797,
      4.592793333562776,
      1.0,
      9.814076812207254,
      3.75260646242182,
      5.691577475564299,
      1.0,
      1.7210688312645326,
      1.0,
      4.886246679548928,
      1.025839012038243
    ]
  }
}