{
  "run_id": "run_20260504_032814_4a90ce9c",
  "timestamp": "2026-05-04T03:34:57",
  "elapsed_s": 265.9,
  "params": {
    "use_new_od": true,
    "route_choice": true,
    "freq_opt": true,
    "route_rules": true,
    "alpha_pass": 1.0,
    "alpha_adeq": 0.2,
    "alpha_oper": 0.005
  },
  "fixed_params": {
    "min_routes": 5,
    "max_routes": 12,
    "time_limit": 1200,
    "max_iter": 7,
    "initial_count": 10000,
    "pricing_count": 1000,
    "ls_rounds": 20
  },
  "n_routes": 9,
  "peak_band": "pot_hp",
  "peak_metrics": {
    "d0": 16.814153164348212,
    "d1": 26.00500920361617,
    "d2": 16.900805859290728,
    "d3+": 26.939389175435853,
    "dun": 13.34064259730903,
    "ATT": 23.99816621391543
  },
  "peak_adequation_pct_ok": 72.97297297297297,
  "period_results": {
    "pot_hp": {
      "d0": 16.814153164348212,
      "d1": 26.00500920361617,
      "d2": 16.900805859290728,
      "d3+": 26.939389175435853,
      "dun": 13.34064259730903,
      "ATT": 23.99816621391543,
      "adeq_pct_ok": 72.97297297297297,
      "avg_freq": 7.010541911488535
    },
    "pot_hc": {
      "d0": 16.814153164348212,
      "d1": 26.00500920361617,
      "d2": 16.900805859290728,
      "d3+": 26.939389175435853,
      "dun": 13.34064259730903,
      "ATT": 23.99816621391543,
      "adeq_pct_ok": 77.02702702702703,
      "avg_freq": 5.972960870426001
    },
    "pot_soir": {
      "d0": 16.814153164348212,
      "d1": 26.00500920361617,
      "d2": 16.900805859290728,
      "d3+": 26.939389175435853,
      "dun": 13.34064259730903,
      "ATT": 23.99816621391543,
      "adeq_pct_ok": 72.97297297297297,
      "avg_freq": 5.145755300705442
    },
    "pot_nuit": {
      "d0": 16.814153164348212,
      "d1": 26.00500920361617,
      "d2": 16.900805859290728,
      "d3+": 26.939389175435853,
      "dun": 13.34064259730903,
      "ATT": 23.99816621391543,
      "adeq_pct_ok": 72.97297297297297,
      "avg_freq": 5.048640994975263
    }
  },
  "selected_routes": [
    [
      42,
      12,
      28,
      27,
      17,
      14,
      7,
      4,
      0,
      32
    ],
    [
      36,
      15,
      55,
      24,
      54,
      74,
      22,
      72,
      23
    ],
    [
      18,
      68,
      27,
      25,
      58,
      40,
      53,
      63,
      57,
      71
    ],
    [
      11,
      48,
      62,
      16,
      7,
      49,
      14,
      68,
      27,
      54
    ],
    [
      43,
      71,
      64,
      70,
      1,
      2,
      44,
      53,
      40,
      75
    ],
    [
      37,
      8,
      32,
      11,
      38,
      48,
      60,
      45,
      62,
      77
    ],
    [
      47,
      24,
      40,
      25,
      28,
      68,
      18
    ],
    [
      33,
      9,
      7,
      16,
      0,
      46,
      78,
      32,
      13,
      3
    ],
    [
      34,
      67,
      68,
      15,
      52,
      21,
      19,
      35,
      50
    ]
  ],
  "freqs_per_period": {
    "pot_hp": [
      11.55983153600192,
      8.270430131556648,
      3.005952126541579,
      14.281342496198846,
      1.0,
      1.0,
      20.0,
      1.6739756182352508,
      2.3033452948625768
    ],
    "pot_hc": [
      12.163647365189519,
      8.1100896385995,
      3.2178233766682403,
      12.732680630061942,
      1.0,
      1.0,
      10.628282811686045,
      1.7717108520239095,
      3.1324131596048557
    ],
    "pot_soir": [
      6.049462928007631,
      9.416444635019916,
      3.55721244956347,
      5.192591373266921,
      1.0,
      1.0,
      15.652494395867318,
      1.4468327765581663,
      2.996759148065565
    ],
    "pot_nuit": [
      4.428265056054771,
      9.72514756455707,
      4.003783436655292,
      5.187777611958476,
      1.0,
      1.0,
      15.474985529560955,
      1.547704198368417,
      3.0701055576223903
    ]
  }
}