{
  "run_id": "run_20260504_042324_bd3e4267",
  "timestamp": "2026-05-04T04:35:22",
  "elapsed_s": 702.4,
  "params": {
    "use_new_od": true,
    "route_choice": true,
    "freq_opt": true,
    "route_rules": true,
    "alpha_pass": 2.0,
    "alpha_adeq": 0.05,
    "alpha_oper": 0.01
  },
  "fixed_params": {
    "min_routes": 5,
    "max_routes": 12,
    "time_limit": 1200,
    "max_iter": 7,
    "initial_count": 10000,
    "pricing_count": 1000,
    "ls_rounds": 20
  },
  "n_routes": 12,
  "peak_band": "pot_hp",
  "peak_metrics": {
    "d0": 23.114068374893588,
    "d1": 32.406583487100605,
    "d2": 21.95336763921848,
    "d3+": 7.506033437140498,
    "dun": 15.01994706164684,
    "ATT": 15.936076274009912
  },
  "peak_adequation_pct_ok": 64.86486486486487,
  "period_results": {
    "pot_hp": {
      "d0": 23.114068374893588,
      "d1": 32.406583487100605,
      "d2": 21.95336763921848,
      "d3+": 7.506033437140498,
      "dun": 15.01994706164684,
      "ATT": 15.936076274009912,
      "adeq_pct_ok": 64.86486486486487,
      "avg_freq": 3.1334751287838007
    },
    "pot_hc": {
      "d0": 23.114068374893588,
      "d1": 32.406583487100605,
      "d2": 21.95336763921848,
      "d3+": 7.506033437140498,
      "dun": 15.01994706164684,
      "ATT": 15.936076274009912,
      "adeq_pct_ok": 67.56756756756756,
      "avg_freq": 2.891451798576678
    },
    "pot_soir": {
      "d0": 23.114068374893588,
      "d1": 32.406583487100605,
      "d2": 21.95336763921848,
      "d3+": 7.506033437140498,
      "dun": 15.01994706164684,
      "ATT": 15.936076274009912,
      "adeq_pct_ok": 58.108108108108105,
      "avg_freq": 2.378964157505124
    },
    "pot_nuit": {
      "d0": 23.114068374893588,
      "d1": 32.406583487100605,
      "d2": 21.95336763921848,
      "d3+": 7.506033437140498,
      "dun": 15.01994706164684,
      "ATT": 15.936076274009912,
      "adeq_pct_ok": 60.810810810810814,
      "avg_freq": 2.44803823159448
    }
  },
  "selected_routes": [
    [
      28,
      27,
      17,
      68,
      4,
      11,
      32,
      13,
      36
    ],
    [
      28,
      27,
      68,
      14,
      4,
      77,
      62,
      60,
      32
    ],
    [
      40,
      28,
      75,
      14,
      9,
      7,
      16,
      0,
      38,
      11
    ],
    [
      65,
      53,
      28,
      26,
      41,
      75,
      68,
      14,
      4
    ],
    [
      43,
      64,
      57,
      1,
      74,
      40,
      25,
      27
    ],
    [
      18,
      68,
      27,
      25,
      58,
      40,
      53,
      63,
      57,
      71
    ],
    [
      52,
      19,
      69,
      15,
      76,
      41,
      25,
      54
    ],
    [
      47,
      24,
      40,
      25,
      28,
      68,
      18
    ],
    [
      21,
      9,
      7,
      16,
      0,
      46,
      78,
      32,
      13,
      36
    ],
    [
      72,
      74,
      22,
      40,
      15,
      75,
      14,
      4,
      30,
      32
    ],
    [
      68,
      41,
      27,
      40,
      24,
      22,
      72,
      1,
      23,
      10
    ],
    [
      74,
      40,
      75,
      14,
      4,
      77,
      62,
      32,
      11,
      36
    ]
  ],
  "freqs_per_period": {
    "pot_hp": [
      3.1974193833243945,
      6.501212168388566,
      5.205102237100782,
      1.2811337998221475,
      1.0,
      2.467844220601869,
      1.5779379303222152,
      5.419543159957407,
      1.0,
      4.709881815108079,
      2.0985062180386325,
      3.1431206127415283
    ],
    "pot_hc": [
      2.3541316169397057,
      7.9575946296365085,
      6.026609176235142,
      1.4423262572897215,
      1.510613212134568,
      2.1068902858995555,
      2.9608867156519585,
      1.2491737929918654,
      1.0,
      2.94068210589109,
      2.1642669633843377,
      2.9842468268656823
    ],
    "pot_soir": [
      2.5795883983880916,
      1.6476614033967467,
      6.274084391546592,
      1.0,
      1.0,
      2.6996806806474583,
      2.110613242845862,
      2.0969831362531357,
      1.0,
      1.6659258857988335,
      3.507954102440083,
      2.9650786487446865
    ],
    "pot_nuit": [
      2.9304580215480773,
      1.8237278500501608,
      6.190308259543239,
      1.0,
      1.0,
      2.7425038884566093,
      2.1435039413192745,
      2.86056012017077,
      1.0,
      1.5063093873414115,
      3.5389577706594895,
      2.6401295400447258
    ]
  }
}