{
  "run_id": "run_20260504_034803_56318251",
  "timestamp": "2026-05-04T04:01:22",
  "elapsed_s": 620.4,
  "params": {
    "use_new_od": true,
    "route_choice": true,
    "freq_opt": true,
    "route_rules": true,
    "alpha_pass": 0.5,
    "alpha_adeq": 0.05,
    "alpha_oper": 0.01
  },
  "fixed_params": {
    "min_routes": 5,
    "max_routes": 12,
    "time_limit": 1200,
    "max_iter": 7,
    "initial_count": 10000,
    "pricing_count": 1000,
    "ls_rounds": 20
  },
  "n_routes": 7,
  "peak_band": "pot_hp",
  "peak_metrics": {
    "d0": 16.615162514103428,
    "d1": 22.434126634065915,
    "d2": 11.730713815874855,
    "d3+": 2.5588593165952758,
    "dun": 46.661137719360404,
    "ATT": 15.70066780714299
  },
  "peak_adequation_pct_ok": 55.4054054054054,
  "period_results": {
    "pot_hp": {
      "d0": 16.615162514103428,
      "d1": 22.434126634065915,
      "d2": 11.730713815874855,
      "d3+": 2.5588593165952758,
      "dun": 46.661137719360404,
      "ATT": 15.70066780714299,
      "adeq_pct_ok": 55.4054054054054,
      "avg_freq": 5.215551698107054
    },
    "pot_hc": {
      "d0": 16.615162514103428,
      "d1": 22.434126634065915,
      "d2": 11.730713815874855,
      "d3+": 2.5588593165952758,
      "dun": 46.661137719360404,
      "ATT": 15.70066780714299,
      "adeq_pct_ok": 60.810810810810814,
      "avg_freq": 4.431989631456833
    },
    "pot_soir": {
      "d0": 16.615162514103428,
      "d1": 22.434126634065915,
      "d2": 11.730713815874855,
      "d3+": 2.5588593165952758,
      "dun": 46.661137719360404,
      "ATT": 15.70066780714299,
      "adeq_pct_ok": 52.702702702702695,
      "avg_freq": 4.022560607636217
    },
    "pot_nuit": {
      "d0": 16.615162514103428,
      "d1": 22.434126634065915,
      "d2": 11.730713815874855,
      "d3+": 2.5588593165952758,
      "dun": 46.661137719360404,
      "ATT": 15.70066780714299,
      "adeq_pct_ok": 51.35135135135135,
      "avg_freq": 3.9911884495825034
    }
  },
  "selected_routes": [
    [
      28,
      51,
      27,
      68,
      4,
      62,
      60,
      30,
      32
    ],
    [
      21,
      52,
      15,
      9,
      49,
      7,
      16,
      11,
      36
    ],
    [
      47,
      35,
      24,
      40,
      28,
      27,
      68,
      18,
      56
    ],
    [
      37,
      8,
      32,
      11,
      38,
      48,
      60,
      0,
      62,
      77
    ],
    [
      40,
      26,
      7,
      16,
      0,
      46,
      78,
      32,
      13,
      36
    ],
    [
      51,
      40,
      53,
      44,
      70,
      1,
      57,
      64,
      43,
      71
    ],
    [
      4,
      75,
      15,
      76,
      40,
      74,
      22,
      72,
      23
    ]
  ],
  "freqs_per_period": {
    "pot_hp": [
      16.341762365923593,
      5.128818012037611,
      4.3938777846393045,
      1.0,
      1.1021495448119565,
      1.510173199011969,
      7.032080980324944
    ],
    "pot_hc": [
      9.742427072694188,
      4.9256316985344,
      3.807602633497253,
      1.0,
      2.2086002288094955,
      2.0432526489489744,
      7.296413137713522
    ],
    "pot_soir": [
      5.081541549092497,
      6.162779076635976,
      5.239943752360778,
      1.0,
      1.1434023690731148,
      1.4577001053980532,
      8.0725574008931
    ],
    "pot_nuit": [
      5.10394131974187,
      6.256645586929758,
      5.440584760149272,
      1.0,
      1.1598254827738177,
      1.3703349108835658,
      7.606987086599239
    ]
  }
}