{
  "run_id": "run_20260504_011224_959b49ac",
  "timestamp": "2026-05-04T01:19:48",
  "elapsed_s": 431.7,
  "params": {
    "use_new_od": true,
    "route_choice": true,
    "freq_opt": true,
    "route_rules": true,
    "alpha_pass": 1.0,
    "alpha_adeq": 0.3,
    "alpha_oper": 0.01
  },
  "fixed_params": {
    "min_routes": 5,
    "max_routes": 12,
    "time_limit": 500,
    "max_iter": 7,
    "initial_count": 10000,
    "pricing_count": 1000,
    "ls_rounds": 20
  },
  "n_routes": 7,
  "peak_band": "pot_hp",
  "peak_metrics": {
    "d0": 18.40765610557874,
    "d1": 21.30412400353098,
    "d2": 11.755765469937437,
    "d3+": 5.835710104926061,
    "dun": 42.69674431602669,
    "ATT": 19.166596660338303
  },
  "peak_adequation_pct_ok": 77.02702702702703,
  "period_results": {
    "pot_hp": {
      "d0": 18.40765610557874,
      "d1": 21.30412400353098,
      "d2": 11.755765469937437,
      "d3+": 5.835710104926061,
      "dun": 42.69674431602669,
      "ATT": 19.166596660338303,
      "adeq_pct_ok": 77.02702702702703,
      "avg_freq": 8.420260812163878
    },
    "pot_hc": {
      "d0": 18.40765610557874,
      "d1": 21.30412400353098,
      "d2": 11.755765469937437,
      "d3+": 5.835710104926061,
      "dun": 42.69674431602669,
      "ATT": 19.166596660338303,
      "adeq_pct_ok": 78.37837837837837,
      "avg_freq": 6.97093587786354
    },
    "pot_soir": {
      "d0": 18.40765610557874,
      "d1": 21.30412400353098,
      "d2": 11.755765469937437,
      "d3+": 5.835710104926061,
      "dun": 42.69674431602669,
      "ATT": 19.166596660338303,
      "adeq_pct_ok": 68.91891891891892,
      "avg_freq": 5.600463706440856
    },
    "pot_nuit": {
      "d0": 18.40765610557874,
      "d1": 21.30412400353098,
      "d2": 11.755765469937437,
      "d3+": 5.835710104926061,
      "dun": 42.69674431602669,
      "ATT": 19.166596660338303,
      "adeq_pct_ok": 70.27027027027027,
      "avg_freq": 5.6664902797649885
    }
  },
  "selected_routes": [
    [
      10,
      26,
      15,
      27,
      68,
      4,
      60,
      32,
      11,
      36
    ],
    [
      48,
      62,
      16,
      7,
      49,
      14,
      68,
      27,
      54
    ],
    [
      0,
      69,
      21,
      40,
      22,
      72,
      23,
      57,
      71,
      43
    ],
    [
      47,
      24,
      40,
      26,
      51,
      68,
      18
    ],
    [
      33,
      9,
      7,
      16,
      0,
      46,
      78,
      32,
      13,
      3
    ],
    [
      72,
      74,
      22,
      15,
      75,
      14,
      17,
      4,
      30,
      32
    ],
    [
      21,
      40,
      23,
      74,
      6,
      58,
      1,
      53,
      44,
      54
    ]
  ],
  "freqs_per_period": {
    "pot_hp": [
      7.440574310807114,
      18.925862082208234,
      2.4944213430955595,
      19.366933256072844,
      1.6697016664051827,
      5.4184224810109445,
      3.6259105455472604
    ],
    "pot_hc": [
      8.110248762136088,
      17.102114482965916,
      2.8345259958626055,
      10.965951814147356,
      1.7676900379297595,
      4.275364266307526,
      3.740655785695527
    ],
    "pot_soir": [
      5.857604913789285,
      6.452418512711598,
      3.4644646793115776,
      14.629958337505103,
      1.3343665346998532,
      2.5970079319463943,
      4.8674250351221735
    ],
    "pot_nuit": [
      6.046755386509739,
      6.568716876262389,
      3.6395489197606774,
      14.542193576119741,
      1.288603035741211,
      2.604274995678423,
      4.9753391682827415
    ]
  }
}