{
  "run_id": "run_20260504_022359_ba323038",
  "timestamp": "2026-05-04T03:02:17",
  "elapsed_s": 2282.7,
  "params": {
    "use_new_od": true,
    "route_choice": true,
    "freq_opt": true,
    "route_rules": true,
    "alpha_pass": 2.0,
    "alpha_adeq": 0.7,
    "alpha_oper": 0.01
  },
  "fixed_params": {
    "min_routes": 5,
    "max_routes": 12,
    "time_limit": 1200,
    "max_iter": 7,
    "initial_count": 10000,
    "pricing_count": 1000,
    "ls_rounds": 20
  },
  "n_routes": 12,
  "peak_band": "pot_hp",
  "peak_metrics": {
    "d0": 27.778138558461528,
    "d1": 35.24133203652381,
    "d2": 18.433597161593223,
    "d3+": 7.058785856273227,
    "dun": 11.488146387148177,
    "ATT": 16.298398521540673
  },
  "peak_adequation_pct_ok": 87.83783783783784,
  "period_results": {
    "pot_hp": {
      "d0": 27.778138558461528,
      "d1": 35.24133203652381,
      "d2": 18.433597161593223,
      "d3+": 7.058785856273227,
      "dun": 11.488146387148177,
      "ATT": 16.298398521540673,
      "adeq_pct_ok": 87.83783783783784,
      "avg_freq": 4.945179264473472
    },
    "pot_hc": {
      "d0": 27.778138558461528,
      "d1": 35.24133203652381,
      "d2": 18.433597161593223,
      "d3+": 7.058785856273227,
      "dun": 11.488146387148177,
      "ATT": 16.298398521540673,
      "adeq_pct_ok": 93.24324324324324,
      "avg_freq": 4.614986643860264
    },
    "pot_soir": {
      "d0": 27.778138558461528,
      "d1": 35.24133203652381,
      "d2": 18.433597161593223,
      "d3+": 7.058785856273227,
      "dun": 11.488146387148177,
      "ATT": 16.298398521540673,
      "adeq_pct_ok": 85.13513513513513,
      "avg_freq": 3.7269817009577646
    },
    "pot_nuit": {
      "d0": 27.778138558461528,
      "d1": 35.24133203652381,
      "d2": 18.433597161593223,
      "d3+": 7.058785856273227,
      "dun": 11.488146387148177,
      "ATT": 16.298398521540673,
      "adeq_pct_ok": 85.13513513513513,
      "avg_freq": 3.7317555358110552
    }
  },
  "selected_routes": [
    [
      54,
      74,
      40,
      28,
      27,
      76
    ],
    [
      10,
      12,
      65,
      28,
      17,
      7,
      0,
      38,
      11,
      36
    ],
    [
      27,
      68,
      14,
      4,
      77,
      32,
      36,
      3
    ],
    [
      71,
      64,
      23,
      74,
      54,
      40,
      28,
      27
    ],
    [
      18,
      68,
      25,
      58,
      26,
      40,
      53,
      1,
      57,
      71
    ],
    [
      34,
      16,
      7,
      49,
      14,
      68,
      41,
      27,
      28
    ],
    [
      47,
      52,
      24,
      25,
      28,
      68,
      18,
      61
    ],
    [
      13,
      32,
      78,
      60,
      0,
      16,
      7,
      9,
      33
    ],
    [
      68,
      41,
      40,
      24,
      22,
      72,
      1,
      23
    ],
    [
      59,
      18,
      68,
      15,
      52,
      21,
      19,
      35,
      50,
      47
    ],
    [
      74,
      40,
      75,
      14,
      4,
      77,
      62,
      32,
      11,
      36
    ],
    [
      28,
      41,
      14,
      4,
      77,
      62,
      30,
      32,
      8,
      36
    ]
  ],
  "freqs_per_period": {
    "pot_hp": [
      20.0,
      8.58973101694006,
      8.894073252796842,
      2.2538943274821857,
      1.0712606904214965,
      1.22325401241728,
      1.0,
      4.037441480949172,
      4.837083488517546,
      3.2059845442952177,
      3.2294283598618634,
      1.0
    ],
    "pot_hc": [
      18.35852871874071,
      5.244001369059818,
      1.3665375576269019,
      2.484241549920731,
      1.0,
      2.6356708935090647,
      1.0,
      3.9094788618806735,
      4.782770594728908,
      3.3220553451477497,
      10.276554835708604,
      1.0
    ],
    "pot_soir": [
      13.684313607431148,
      3.690358163026747,
      1.5471097277717707,
      1.0,
      3.446652565159526,
      4.679373911533679,
      1.1663574044095404,
      2.2181780140284184,
      5.436760587288409,
      3.706225639636494,
      3.148450791207444,
      1.0
    ],
    "pot_nuit": [
      12.997917243546627,
      4.124771806899481,
      1.547704198368417,
      1.0,
      3.8075052715377726,
      4.508788294299828,
      1.2484209617382132,
      2.2555909732967816,
      5.506696321675202,
      3.759014386299644,
      3.024656972070698,
      1.0
    ]
  }
}