{
  "run_id": "run_20260504_013518_a89f4c22",
  "timestamp": "2026-05-04T01:49:22",
  "elapsed_s": 826.4,
  "params": {
    "use_new_od": true,
    "route_choice": true,
    "freq_opt": true,
    "route_rules": true,
    "alpha_pass": 5.0,
    "alpha_adeq": 0.05,
    "alpha_oper": 0.05
  },
  "fixed_params": {
    "min_routes": 5,
    "max_routes": 12,
    "time_limit": 500,
    "max_iter": 7,
    "initial_count": 10000,
    "pricing_count": 1000,
    "ls_rounds": 20
  },
  "n_routes": 12,
  "peak_band": "pot_hp",
  "peak_metrics": {
    "d0": 20.660355096490967,
    "d1": 21.719802666314283,
    "d2": 16.048031229068222,
    "d3+": 4.217237651781361,
    "dun": 37.35457335634505,
    "ATT": 13.835507174428678
  },
  "peak_adequation_pct_ok": 28.37837837837838,
  "period_results": {
    "pot_hp": {
      "d0": 20.660355096490967,
      "d1": 21.719802666314283,
      "d2": 16.048031229068222,
      "d3+": 4.217237651781361,
      "dun": 37.35457335634505,
      "ATT": 13.835507174428678,
      "adeq_pct_ok": 28.37837837837838,
      "avg_freq": 1.1071293932704098
    },
    "pot_hc": {
      "d0": 20.660355096490967,
      "d1": 21.719802666314283,
      "d2": 16.048031229068222,
      "d3+": 4.217237651781361,
      "dun": 37.35457335634505,
      "ATT": 13.835507174428678,
      "adeq_pct_ok": 27.027027027027028,
      "avg_freq": 1.2219899317017562
    },
    "pot_soir": {
      "d0": 20.660355096490967,
      "d1": 21.719802666314283,
      "d2": 16.048031229068222,
      "d3+": 4.217237651781361,
      "dun": 37.35457335634505,
      "ATT": 13.835507174428678,
      "adeq_pct_ok": 20.27027027027027,
      "avg_freq": 1.0973241193160375
    },
    "pot_nuit": {
      "d0": 20.660355096490967,
      "d1": 21.719802666314283,
      "d2": 16.048031229068222,
      "d3+": 4.217237651781361,
      "dun": 37.35457335634505,
      "ATT": 13.835507174428678,
      "adeq_pct_ok": 21.62162162162162,
      "avg_freq": 1.0704160234600173
    }
  },
  "selected_routes": [
    [
      23,
      72,
      74,
      40,
      75,
      4,
      77,
      62,
      60
    ],
    [
      28,
      41,
      75,
      15,
      69
    ],
    [
      77,
      62,
      48,
      38,
      11
    ],
    [
      41,
      68,
      4,
      77,
      62,
      60
    ],
    [
      51,
      58,
      26,
      40,
      53,
      70,
      57
    ],
    [
      35,
      29,
      52,
      69,
      15,
      7,
      16,
      0
    ],
    [
      11,
      38,
      0,
      16,
      7,
      49,
      14,
      68,
      27
    ],
    [
      23,
      1,
      72,
      2,
      53,
      22,
      74,
      40,
      41,
      68
    ],
    [
      18,
      68,
      27,
      41,
      75,
      25,
      40,
      74,
      53,
      1
    ],
    [
      47,
      24,
      40,
      25,
      28,
      68,
      18,
      56
    ],
    [
      33,
      9,
      7,
      16,
      0,
      46,
      78,
      32,
      13,
      36
    ],
    [
      74,
      40,
      75,
      14,
      4,
      77,
      62,
      30,
      32,
      8
    ]
  ],
  "freqs_per_period": {
    "pot_hp": [
      1.0,
      1.6147502154803615,
      1.6708025037645566,
      1.0,
      1.0,
      1.0,
      1.0,
      1.0,
      1.0,
      1.0,
      1.0,
      1.0
    ],
    "pot_hc": [
      1.0,
      2.069494147472125,
      2.4714033426852384,
      1.0,
      1.0,
      1.122981690263711,
      1.0,
      1.0,
      1.0,
      1.0,
      1.0,
      1.0
    ],
    "pot_soir": [
      1.0,
      1.4028160034573511,
      1.507098670576756,
      1.0,
      1.0,
      1.257974757758342,
      1.0,
      1.0,
      1.0,
      1.0,
      1.0,
      1.0
    ],
    "pot_nuit": [
      1.0,
      1.1717589931500358,
      1.3886793198392973,
      1.0,
      1.0,
      1.2845539685308744,
      1.0,
      1.0,
      1.0,
      1.0,
      1.0,
      1.0
    ]
  }
}