{
  "run_id": "run_20260504_015419_6e531403",
  "timestamp": "2026-05-04T02:01:55",
  "elapsed_s": 430.3,
  "params": {
    "use_new_od": true,
    "route_choice": true,
    "freq_opt": true,
    "route_rules": true,
    "alpha_pass": 5.0,
    "alpha_adeq": 0.2,
    "alpha_oper": 0.005
  },
  "fixed_params": {
    "min_routes": 5,
    "max_routes": 12,
    "time_limit": 1200,
    "max_iter": 7,
    "initial_count": 10000,
    "pricing_count": 1000,
    "ls_rounds": 20
  },
  "n_routes": 12,
  "peak_band": "pot_hp",
  "peak_metrics": {
    "d0": 23.814166262011955,
    "d1": 25.51392480237836,
    "d2": 22.553395022365823,
    "d3+": 14.273659121156829,
    "dun": 13.844854792087025,
    "ATT": 17.784970859190977
  },
  "peak_adequation_pct_ok": 83.78378378378379,
  "period_results": {
    "pot_hp": {
      "d0": 23.814166262011955,
      "d1": 25.51392480237836,
      "d2": 22.553395022365823,
      "d3+": 14.273659121156829,
      "dun": 13.844854792087025,
      "ATT": 17.784970859190977,
      "adeq_pct_ok": 83.78378378378379,
      "avg_freq": 5.195604469671204
    },
    "pot_hc": {
      "d0": 23.814166262011955,
      "d1": 25.51392480237836,
      "d2": 22.553395022365823,
      "d3+": 14.273659121156829,
      "dun": 13.844854792087025,
      "ATT": 17.784970859190977,
      "adeq_pct_ok": 91.8918918918919,
      "avg_freq": 4.554908433946111
    },
    "pot_soir": {
      "d0": 23.814166262011955,
      "d1": 25.51392480237836,
      "d2": 22.553395022365823,
      "d3+": 14.273659121156829,
      "dun": 13.844854792087025,
      "ATT": 17.784970859190977,
      "adeq_pct_ok": 83.78378378378379,
      "avg_freq": 3.9492799619041237
    },
    "pot_nuit": {
      "d0": 23.814166262011955,
      "d1": 25.51392480237836,
      "d2": 22.553395022365823,
      "d3+": 14.273659121156829,
      "dun": 13.844854792087025,
      "ATT": 17.784970859190977,
      "adeq_pct_ok": 79.72972972972973,
      "avg_freq": 3.970547684465331
    }
  },
  "selected_routes": [
    [
      10,
      12,
      27,
      68,
      17,
      0,
      60,
      30,
      38,
      11
    ],
    [
      54,
      28,
      41,
      75,
      47,
      15,
      52
    ],
    [
      40,
      28,
      14,
      17,
      7,
      4,
      38,
      11,
      36,
      3
    ],
    [
      10,
      42,
      65,
      12,
      54,
      27,
      68
    ],
    [
      1,
      74,
      40,
      25,
      27
    ],
    [
      18,
      68,
      27,
      25,
      58,
      40,
      53,
      63,
      57,
      71
    ],
    [
      16,
      7,
      49,
      14,
      41,
      68,
      27,
      28
    ],
    [
      21,
      24,
      40,
      25,
      28,
      68,
      18,
      56,
      59,
      61
    ],
    [
      58,
      25,
      27,
      41,
      75,
      14,
      4,
      62,
      11,
      34
    ],
    [
      33,
      9,
      7,
      16,
      0,
      46,
      78,
      32,
      13
    ],
    [
      41,
      40,
      24,
      22,
      72,
      1,
      23
    ],
    [
      74,
      40,
      75,
      14,
      4,
      77,
      62,
      32,
      11,
      36
    ]
  ],
  "freqs_per_period": {
    "pot_hp": [
      2.4577022949176874,
      18.491305593620865,
      2.960720186093257,
      4.0604670341346285,
      8.273698996435193,
      3.5266327731173144,
      9.171836111249716,
      1.0,
      1.0,
      1.67867745741588,
      4.655582576045772,
      5.070630613024127
    ],
    "pot_hc": [
      1.0303492509197327,
      16.22153081862335,
      1.3665375576269019,
      4.621239450038091,
      1.0,
      3.7063102621862223,
      4.314841697319659,
      1.1427359256095517,
      1.0,
      3.746427636346794,
      4.766807685255009,
      11.742120923428017
    ],
    "pot_soir": [
      1.9716725221197322,
      11.038357690442348,
      5.14668654801337,
      1.0,
      5.039790204209331,
      3.970306804707331,
      4.688237032021248,
      1.5977454073289832,
      1.0,
      2.0668048475470706,
      5.626535766225272,
      4.245222720234802
    ],
    "pot_nuit": [
      2.901284928780486,
      10.770849748958627,
      5.630140776933474,
      1.0,
      4.696041646780508,
      3.75260646242182,
      4.6908493655637535,
      1.5040915056904822,
      1.0,
      1.9241263811397251,
      5.6964715006120645,
      4.080109896703035
    ]
  }
}