{
  "run_id": "run_20260504_031547_79b9373c",
  "timestamp": "2026-05-04T03:28:14",
  "elapsed_s": 590.8,
  "params": {
    "use_new_od": true,
    "route_choice": true,
    "freq_opt": true,
    "route_rules": true,
    "alpha_pass": 0.5,
    "alpha_adeq": 0.2,
    "alpha_oper": 0.005
  },
  "fixed_params": {
    "min_routes": 5,
    "max_routes": 12,
    "time_limit": 1200,
    "max_iter": 7,
    "initial_count": 10000,
    "pricing_count": 1000,
    "ls_rounds": 20
  },
  "n_routes": 7,
  "peak_band": "pot_hp",
  "peak_metrics": {
    "d0": 15.590053238708279,
    "d1": 24.919660094501843,
    "d2": 25.482777707473282,
    "d3+": 8.910352094947632,
    "dun": 25.097156864368912,
    "ATT": 23.76746335266674
  },
  "peak_adequation_pct_ok": 74.32432432432432,
  "period_results": {
    "pot_hp": {
      "d0": 15.590053238708279,
      "d1": 24.919660094501843,
      "d2": 25.482777707473282,
      "d3+": 8.910352094947632,
      "dun": 25.097156864368912,
      "ATT": 23.76746335266674,
      "adeq_pct_ok": 74.32432432432432,
      "avg_freq": 7.944436402082826
    },
    "pot_hc": {
      "d0": 15.590053238708279,
      "d1": 24.919660094501843,
      "d2": 25.482777707473282,
      "d3+": 8.910352094947632,
      "dun": 25.097156864368912,
      "ATT": 23.76746335266674,
      "adeq_pct_ok": 72.97297297297297,
      "avg_freq": 6.929690505341232
    },
    "pot_soir": {
      "d0": 15.590053238708279,
      "d1": 24.919660094501843,
      "d2": 25.482777707473282,
      "d3+": 8.910352094947632,
      "dun": 25.097156864368912,
      "ATT": 23.76746335266674,
      "adeq_pct_ok": 71.62162162162163,
      "avg_freq": 6.156211358372581
    },
    "pot_nuit": {
      "d0": 15.590053238708279,
      "d1": 24.919660094501843,
      "d2": 25.482777707473282,
      "d3+": 8.910352094947632,
      "dun": 25.097156864368912,
      "ATT": 23.76746335266674,
      "adeq_pct_ok": 71.62162162162163,
      "avg_freq": 6.185953786191156
    }
  },
  "selected_routes": [
    [
      54,
      26,
      51,
      27,
      7,
      16,
      0,
      60,
      11,
      32
    ],
    [
      10,
      42,
      53,
      21,
      52,
      15,
      49,
      4,
      9,
      77
    ],
    [
      37,
      32,
      11,
      30,
      38,
      48,
      60,
      45,
      62,
      77
    ],
    [
      47,
      24,
      40,
      28,
      68,
      18,
      17
    ],
    [
      33,
      9,
      7,
      16,
      0,
      46,
      78,
      32,
      13,
      3
    ],
    [
      51,
      40,
      53,
      44,
      70,
      1,
      57,
      64,
      43,
      71
    ],
    [
      36,
      75,
      15,
      76,
      40,
      22,
      74,
      72,
      23,
      12
    ]
  ],
  "freqs_per_period": {
    "pot_hp": [
      18.826509400034265,
      5.135675185485818,
      1.0,
      20.0,
      1.0,
      1.510173199011969,
      8.138697030047728
    ],
    "pot_hc": [
      15.243736675296507,
      5.29191679468534,
      1.0,
      15.97491930901529,
      1.0,
      1.8566306975985376,
      8.140630060792942
    ],
    "pot_soir": [
      11.990146679584207,
      3.1336042495551824,
      1.0,
      15.07790045205393,
      1.0,
      1.4577001053980532,
      9.434128022016697
    ],
    "pot_nuit": [
      12.264248466343345,
      3.1608956118282583,
      1.0,
      14.759374580756479,
      1.0,
      1.3703349108835658,
      9.746822933526447
    ]
  }
}