{
  "run_id": "run_20260504_043522_cca33f47",
  "timestamp": "2026-05-04T04:48:41",
  "elapsed_s": 784.5,
  "params": {
    "use_new_od": true,
    "route_choice": true,
    "freq_opt": true,
    "route_rules": true,
    "alpha_pass": 5.0,
    "alpha_adeq": 0.7,
    "alpha_oper": 0.05
  },
  "fixed_params": {
    "min_routes": 5,
    "max_routes": 12,
    "time_limit": 1200,
    "max_iter": 7,
    "initial_count": 10000,
    "pricing_count": 1000,
    "ls_rounds": 20
  },
  "n_routes": 12,
  "peak_band": "pot_hp",
  "peak_metrics": {
    "d0": 25.931335929659376,
    "d1": 39.09016519505414,
    "d2": 18.39413973606252,
    "d3+": 3.7177591030845827,
    "dun": 12.866600036139381,
    "ATT": 15.073982726220326
  },
  "peak_adequation_pct_ok": 82.43243243243244,
  "period_results": {
    "pot_hp": {
      "d0": 25.931335929659376,
      "d1": 39.09016519505414,
      "d2": 18.39413973606252,
      "d3+": 3.7177591030845827,
      "dun": 12.866600036139381,
      "ATT": 15.073982726220326,
      "adeq_pct_ok": 82.43243243243244,
      "avg_freq": 4.1238284131298
    },
    "pot_hc": {
      "d0": 25.931335929659376,
      "d1": 39.09016519505414,
      "d2": 18.39413973606252,
      "d3+": 3.7177591030845827,
      "dun": 12.866600036139381,
      "ATT": 15.073982726220326,
      "adeq_pct_ok": 86.48648648648648,
      "avg_freq": 3.3956528179729344
    },
    "pot_soir": {
      "d0": 25.931335929659376,
      "d1": 39.09016519505414,
      "d2": 18.39413973606252,
      "d3+": 3.7177591030845827,
      "dun": 12.866600036139381,
      "ATT": 15.073982726220326,
      "adeq_pct_ok": 77.02702702702703,
      "avg_freq": 3.164200787565674
    },
    "pot_nuit": {
      "d0": 25.931335929659376,
      "d1": 39.09016519505414,
      "d2": 18.39413973606252,
      "d3+": 3.7177591030845827,
      "dun": 12.866600036139381,
      "ATT": 15.073982726220326,
      "adeq_pct_ok": 77.02702702702703,
      "avg_freq": 3.1833707049732634
    }
  },
  "selected_routes": [
    [
      54,
      28,
      27,
      40,
      47,
      15,
      52
    ],
    [
      10,
      42,
      12,
      28,
      41,
      17,
      14,
      60,
      48,
      32
    ],
    [
      54,
      27,
      68,
      14,
      4,
      77,
      62,
      60,
      32
    ],
    [
      36,
      11,
      0,
      16,
      7,
      14,
      68,
      51,
      25,
      28
    ],
    [
      71,
      53,
      74,
      40,
      28,
      27
    ],
    [
      18,
      68,
      51,
      25,
      58,
      40,
      53,
      63,
      57,
      71
    ],
    [
      3,
      32,
      46,
      16,
      7,
      49,
      68,
      14,
      41,
      21
    ],
    [
      21,
      24,
      40,
      25,
      28,
      68,
      18,
      56,
      61
    ],
    [
      33,
      9,
      7,
      16,
      0,
      46,
      78,
      32,
      13,
      36
    ],
    [
      41,
      40,
      24,
      22,
      72,
      1,
      23
    ],
    [
      74,
      40,
      75,
      14,
      4,
      77,
      62,
      32,
      11,
      36
    ],
    [
      69,
      15,
      41,
      14,
      4,
      77,
      62,
      30,
      32,
      34
    ]
  ],
  "freqs_per_period": {
    "pot_hp": [
      11.928776939667022,
      5.4184224810109445,
      8.51134672627868,
      5.253577909270145,
      6.823638701484504,
      1.099930861906799,
      1.0,
      1.6634946394602015,
      1.2053722185133315,
      4.5813804799659685,
      1.0,
      1.0
    ],
    "pot_hc": [
      9.062841991169224,
      4.867156144755516,
      3.2530703997608192,
      4.047304117674739,
      3.5983101743936663,
      1.0758541290939156,
      1.3665375576269019,
      1.8985215575767318,
      1.708426616471151,
      4.682284201953638,
      4.187526925198916,
      1.0
    ],
    "pot_soir": [
      8.685281699710814,
      2.283405690321817,
      1.0,
      5.722136537614721,
      5.621924312448213,
      1.0,
      1.0,
      2.3330842781383883,
      1.3525037007679657,
      5.626535766225272,
      2.3455374655609007,
      1.0
    ],
    "pot_nuit": [
      8.446657942480398,
      2.303586670564347,
      1.0,
      5.8082708165734855,
      6.055645368243679,
      1.0,
      1.0,
      2.326109826162927,
      1.4019173018124242,
      5.6964715006120645,
      2.1617890332298355,
      1.0
    ]
  }
}