{
  "run_id": "run_20260504_063056_b24e836e",
  "timestamp": "2026-05-04T06:40:46",
  "elapsed_s": 579.4,
  "params": {
    "use_new_od": true,
    "route_choice": true,
    "freq_opt": true,
    "route_rules": true,
    "alpha_pass": 0.5,
    "alpha_adeq": 0.05,
    "alpha_oper": 0.05
  },
  "fixed_params": {
    "min_routes": 5,
    "max_routes": 12,
    "time_limit": 1200,
    "max_iter": 7,
    "initial_count": 10000,
    "pricing_count": 1000,
    "ls_rounds": 20
  },
  "n_routes": 7,
  "peak_band": "pot_hp",
  "peak_metrics": {
    "d0": 4.533482716050759,
    "d1": 8.011714862154696,
    "d2": 6.293202121082765,
    "d3+": 2.2227260516783396,
    "dun": 78.93887424903343,
    "ATT": 18.04315356670933
  },
  "peak_adequation_pct_ok": 32.432432432432435,
  "period_results": {
    "pot_hp": {
      "d0": 4.533482716050759,
      "d1": 8.011714862154696,
      "d2": 6.293202121082765,
      "d3+": 2.2227260516783396,
      "dun": 78.93887424903343,
      "ATT": 18.04315356670933,
      "adeq_pct_ok": 32.432432432432435,
      "avg_freq": 1.442627059463724
    },
    "pot_hc": {
      "d0": 4.533482716050759,
      "d1": 8.011714862154696,
      "d2": 6.293202121082765,
      "d3+": 2.2227260516783396,
      "dun": 78.93887424903343,
      "ATT": 18.04315356670933,
      "adeq_pct_ok": 32.432432432432435,
      "avg_freq": 1.4397651311995168
    },
    "pot_soir": {
      "d0": 4.533482716050759,
      "d1": 8.011714862154696,
      "d2": 6.293202121082765,
      "d3+": 2.2227260516783396,
      "dun": 78.93887424903343,
      "ATT": 18.04315356670933,
      "adeq_pct_ok": 22.972972972972975,
      "avg_freq": 1.369215670253881
    },
    "pot_nuit": {
      "d0": 4.533482716050759,
      "d1": 8.011714862154696,
      "d2": 6.293202121082765,
      "d3+": 2.2227260516783396,
      "dun": 78.93887424903343,
      "ATT": 18.04315356670933,
      "adeq_pct_ok": 21.62162162162162,
      "avg_freq": 1.3166729080121766
    }
  },
  "selected_routes": [
    [
      75,
      41,
      68,
      4,
      77,
      62,
      60,
      38,
      11
    ],
    [
      39,
      35,
      21,
      29,
      52,
      15,
      75,
      14
    ],
    [
      37,
      32,
      11,
      46,
      38,
      48,
      60,
      67,
      62,
      77
    ],
    [
      35,
      29,
      15,
      25,
      41,
      68,
      18,
      56
    ],
    [
      40,
      74,
      53,
      44,
      1,
      63,
      57,
      64,
      43
    ],
    [
      33,
      9,
      7,
      16,
      0
    ],
    [
      49,
      75,
      15,
      76,
      40,
      74,
      22,
      72,
      23,
      73
    ]
  ],
  "freqs_per_period": {
    "pot_hp": [
      3.1189763897561416,
      1.2922955173083384,
      1.0,
      1.0,
      1.0,
      1.6871175091815873,
      1.0
    ],
    "pot_hc": [
      2.9583691624782515,
      1.3365591132398438,
      1.0,
      1.0,
      1.0,
      1.7834276426785234,
      1.0
    ],
    "pot_soir": [
      2.1876003837466143,
      1.664870921388911,
      1.0,
      1.0,
      1.0,
      1.7320383866416411,
      1.0
    ],
    "pot_nuit": [
      2.035467238738267,
      1.4564017268833196,
      1.0,
      1.0,
      1.0,
      1.7248413904636513,
      1.0
    ]
  }
}